-- MySQL dump 10.13  Distrib 8.0.34, for Win64 (x86_64)
--
-- Host: localhost    Database: intercity_express
-- ------------------------------------------------------
-- Server version	8.0.34

/*!40101 SET @OLD_CHARACTER_SET_CLIENT=@@CHARACTER_SET_CLIENT */;
/*!40101 SET @OLD_CHARACTER_SET_RESULTS=@@CHARACTER_SET_RESULTS */;
/*!40101 SET @OLD_COLLATION_CONNECTION=@@COLLATION_CONNECTION */;
/*!50503 SET NAMES utf8 */;
/*!40103 SET @OLD_TIME_ZONE=@@TIME_ZONE */;
/*!40103 SET TIME_ZONE='+00:00' */;
/*!40014 SET @OLD_UNIQUE_CHECKS=@@UNIQUE_CHECKS, UNIQUE_CHECKS=0 */;
/*!40014 SET @OLD_FOREIGN_KEY_CHECKS=@@FOREIGN_KEY_CHECKS, FOREIGN_KEY_CHECKS=0 */;
/*!40101 SET @OLD_SQL_MODE=@@SQL_MODE, SQL_MODE='NO_AUTO_VALUE_ON_ZERO' */;
/*!40111 SET @OLD_SQL_NOTES=@@SQL_NOTES, SQL_NOTES=0 */;

--
-- Table structure for table `coach`
--

DROP TABLE IF EXISTS `coach`;
/*!40101 SET @saved_cs_client     = @@character_set_client */;
/*!50503 SET character_set_client = utf8mb4 */;
CREATE TABLE `coach` (
  `CoachID` int NOT NULL,
  `Capacity` int DEFAULT NULL,
  `Mileage` int DEFAULT NULL,
  `LastMaintenanceDate` date DEFAULT NULL,
  `DueForMaintenance` date DEFAULT NULL,
  `trainid` int DEFAULT NULL,
  PRIMARY KEY (`CoachID`),
  KEY `fk_coach_train` (`trainid`),
  CONSTRAINT `fk_coach_train` FOREIGN KEY (`trainid`) REFERENCES `train` (`TrainID`)
) ENGINE=InnoDB DEFAULT CHARSET=utf8mb4 COLLATE=utf8mb4_0900_ai_ci;
/*!40101 SET character_set_client = @saved_cs_client */;

--
-- Dumping data for table `coach`
--

LOCK TABLES `coach` WRITE;
/*!40000 ALTER TABLE `coach` DISABLE KEYS */;
INSERT INTO `coach` VALUES (1,30,4500,'2023-01-10','2023-08-01',30),(2,30,5200,'2023-02-15','2023-10-08',12),(3,30,4800,'2023-03-20','2023-03-06',70),(4,30,5100,'2023-04-25','2023-09-04',12),(5,30,4900,'2023-05-30','2022-12-05',52),(6,30,5000,'2023-06-05','2023-09-15',24),(7,30,4600,'2023-07-10','2023-10-28',62),(8,30,4900,'2023-08-15','2023-02-05',38),(9,30,4700,'2023-09-20','2023-02-05',3),(10,30,4800,'2023-10-25','2023-04-14',2),(11,30,5200,'2023-11-30','2023-03-19',99),(12,30,4900,'2023-12-05','2023-04-21',90),(13,30,4800,'2024-01-10','2022-12-19',52),(14,30,5000,'2024-02-15','2023-01-04',91),(15,30,4700,'2024-03-20','2023-03-29',97),(16,30,4900,'2024-04-25','2023-04-04',13),(17,30,4600,'2024-05-30','2023-08-27',72),(18,30,4800,'2024-06-05','2023-08-02',20),(19,30,5100,'2024-07-10','2023-01-20',83),(20,30,5000,'2024-08-15','2023-08-06',57),(21,30,4900,'2024-09-20','2023-11-25',34),(22,30,4800,'2024-10-25','2024-03-25',1),(23,30,5000,'2024-11-30','2024-06-22',100),(24,30,4900,'2024-12-05','2024-09-10',96),(25,30,4800,'2025-01-10','2023-12-11',80),(26,30,4700,'2025-02-15','2024-01-08',13),(27,30,5100,'2025-03-20','2024-05-31',23),(28,30,4900,'2025-04-25','2023-11-25',75),(29,30,5000,'2025-05-30','2024-08-24',5),(30,30,4800,'2025-06-05','2024-04-20',2),(31,30,4700,'2025-07-10','2024-10-30',92),(32,30,4900,'2025-08-15','2024-01-09',54),(33,30,4800,'2025-09-20','2024-01-04',95),(34,30,4900,'2025-10-25','2024-02-12',10),(35,30,4800,'2025-11-30','2024-09-11',67),(36,30,5000,'2025-12-05','2023-11-27',5),(37,30,4900,'2026-01-10','2024-12-09',23),(38,30,4800,'2026-02-15','2024-08-20',99),(39,30,4700,'2026-03-20','2024-06-30',26),(40,30,4900,'2026-04-25','2024-09-18',30),(41,30,4800,'2026-05-30','2023-12-27',74),(42,30,5000,'2026-06-05','2024-03-05',80),(43,30,4600,'2026-07-10','2023-12-08',76),(44,30,4900,'2026-08-15','2024-05-30',38),(45,30,4800,'2026-09-20','2024-02-25',63),(46,30,4900,'2026-10-25','2024-10-11',99),(47,30,4900,'2026-11-30','2024-03-18',5),(48,30,5000,'2026-12-05','2023-12-25',29),(49,30,4700,'2027-01-10','2024-07-17',28),(50,30,4900,'2027-02-15','2024-08-30',51),(51,30,4800,'2027-03-20','2024-09-14',73),(52,30,4900,'2027-04-25','2024-07-21',10),(53,30,5100,'2027-05-30','2024-10-15',33),(54,30,5000,'2027-06-05','2024-03-08',33),(55,30,4900,'2027-07-10','2024-12-08',67),(56,30,4800,'2027-08-15','2024-11-28',36),(57,30,4700,'2027-09-20','2024-10-01',76),(58,30,4800,'2027-10-25','2024-01-19',71),(59,30,5200,'2027-11-30','2024-05-17',30),(60,30,4900,'2027-12-05','2024-10-02',33),(61,30,4800,'2028-01-10','2024-07-14',76),(62,30,4700,'2028-02-15','2024-07-21',79),(63,30,5000,'2028-03-20','2024-03-05',68),(64,30,4900,'2028-04-25','2024-06-27',100),(65,30,4800,'2028-05-30','2024-12-03',99),(66,30,4900,'2028-06-05','2023-12-05',94),(67,30,4900,'2028-07-10','2024-05-18',70),(68,30,5000,'2028-08-15','2024-01-02',69),(69,30,4700,'2028-09-20','2024-02-24',32),(70,30,4800,'2028-10-25','2024-11-13',55),(71,30,5000,'2028-11-30','2024-09-01',80),(72,30,4900,'2028-12-05','2024-11-18',32),(73,30,4800,'2029-01-10','2024-04-21',19),(74,30,4700,'2029-02-15','2024-02-18',97),(75,30,5100,'2029-03-20','2023-11-20',31),(76,30,4900,'2029-04-25','2024-04-18',62),(77,30,5000,'2029-05-30','2024-11-04',18),(78,30,4900,'2029-06-05','2024-02-06',2),(79,30,4600,'2029-07-10','2024-05-08',55),(80,30,4900,'2029-08-15','2024-06-21',68),(81,30,4800,'2029-09-20','2024-04-29',74),(82,30,4900,'2029-10-25','2024-05-11',65),(83,30,4800,'2029-11-30','2024-12-16',2),(84,30,5000,'2029-12-05','2024-06-26',15),(85,30,4900,'2030-01-10','2024-10-24',68),(86,30,4800,'2030-02-15','2024-07-05',94),(87,30,4700,'2030-03-20','2024-04-02',67),(88,30,4900,'2030-04-25','2023-11-13',52),(89,30,4800,'2030-05-30','2024-12-19',57),(90,30,5000,'2030-06-05','2024-11-17',28),(91,30,4600,'2030-07-10','2024-07-09',69),(92,30,4900,'2030-08-15','2024-02-08',60),(93,30,4800,'2030-09-20','2024-03-21',95),(94,30,4900,'2030-10-25','2024-12-03',91),(95,30,4900,'2030-11-30','2024-09-25',73),(96,30,5000,'2030-12-05','2023-12-01',89),(97,30,4700,'2031-01-10','2024-11-18',28),(98,30,4900,'2031-02-15','2024-04-24',72),(99,30,4800,'2031-03-20','2024-03-05',73),(100,30,4900,'2031-04-25','2024-02-03',51);
/*!40000 ALTER TABLE `coach` ENABLE KEYS */;
UNLOCK TABLES;

--
-- Table structure for table `driver`
--

DROP TABLE IF EXISTS `driver`;
/*!40101 SET @saved_cs_client     = @@character_set_client */;
/*!50503 SET character_set_client = utf8mb4 */;
CREATE TABLE `driver` (
  `DriverID` int NOT NULL,
  `Name` varchar(255) DEFAULT NULL,
  `ContactInfo` varchar(20) DEFAULT NULL,
  `RestDay` varchar(10) DEFAULT NULL,
  `AccommodationRequired` tinyint(1) DEFAULT NULL,
  `DriverType` varchar(20) DEFAULT NULL,
  PRIMARY KEY (`DriverID`)
) ENGINE=InnoDB DEFAULT CHARSET=utf8mb4 COLLATE=utf8mb4_0900_ai_ci;
/*!40101 SET character_set_client = @saved_cs_client */;

--
-- Dumping data for table `driver`
--

LOCK TABLES `driver` WRITE;
/*!40000 ALTER TABLE `driver` DISABLE KEYS */;
INSERT INTO `driver` VALUES (1,'John Doe','+91 9876543210','Sunday',1,'maindriver'),(2,'Jane Smith','+91 8765432109','Monday',0,'codriver'),(3,'Michael Johnson','+91 7654321098','Tuesday',1,'maindriver'),(4,'Emily Williams','+91 6543210987','Wednesday',0,'codriver'),(5,'Christopher Brown','+91 5432109876','Thursday',1,'maindriver'),(6,'Jessica Jones','+91 4321098765','Friday',0,'maindriver'),(7,'William Miller','+91 3210987654','Saturday',1,'maindriver'),(8,'Olivia Davis','+91 2109876543','Sunday',0,'maindriver'),(9,'Daniel Garcia','+91 1098765432','Monday',1,'maindriver'),(10,'Ava Rodriguez','+91 0987654321','Tuesday',0,'maindriver'),(11,'Liam Martinez','+91 9876543210','Wednesday',1,'codriver'),(12,'Sophia Jackson','+91 8765432109','Thursday',0,'maindriver'),(13,'Mason Taylor','+91 7654321098','Friday',1,'maindriver'),(14,'Amelia Clark','+91 6543210987','Saturday',0,'codriver'),(15,'Lucas Moore','+91 5432109876','Sunday',1,'codriver'),(16,'Aria Hill','+91 4321098765','Monday',0,'maindriver'),(17,'Oliver Parker','+91 3210987654','Tuesday',1,'codriver'),(18,'Emma Mitchell','+91 2109876543','Wednesday',0,'maindriver'),(19,'Logan Ward','+91 1098765432','Thursday',1,'codriver'),(20,'Avery Fisher','+91 0987654321','Friday',0,'maindriver'),(21,'Ethan Turner','+91 9876543210','Saturday',1,'maindriver'),(22,'Mia Russell','+91 8765432109','Sunday',0,'maindriver'),(23,'Noah Cooper','+91 7654321098','Monday',1,'maindriver'),(24,'Isabella Bennett','+91 6543210987','Tuesday',0,'maindriver'),(25,'Carter Alexander','+91 5432109876','Wednesday',1,'codriver'),(26,'Charlotte Barnes','+91 4321098765','Thursday',0,'maindriver'),(27,'Elijah Reed','+91 3210987654','Friday',1,'codriver'),(28,'Grace Fisher','+91 2109876543','Saturday',0,'maindriver'),(29,'Owen Murray','+91 1098765432','Sunday',1,'codriver'),(30,'Aiden Sullivan','+91 0987654321','Monday',0,'codriver'),(31,'Abigail Wells','+91 9876543210','Tuesday',1,'maindriver'),(32,'Jackson Evans','+91 8765432109','Wednesday',0,'maindriver'),(33,'Madison Reyes','+91 7654321098','Thursday',1,'maindriver'),(34,'Aiden Morgan','+91 6543210987','Friday',0,'codriver'),(35,'Chloe Simmons','+91 5432109876','Saturday',1,'maindriver'),(36,'Ethan Ward','+91 4321098765','Sunday',0,'codriver'),(37,'Ava Fisher','+91 3210987654','Monday',1,'maindriver'),(38,'Liam Martin','+91 2109876543','Tuesday',0,'maindriver'),(39,'Olivia Dixon','+91 1098765432','Wednesday',1,'maindriver'),(40,'Lucas Clark','+91 0987654321','Thursday',0,'maindriver'),(41,'Emma Mitchell','+91 9876543210','Friday',1,'codriver'),(42,'Logan Ward','+91 8765432109','Saturday',0,'maindriver'),(43,'Sophia Perry','+91 7654321098','Sunday',1,'codriver'),(44,'Mason Taylor','+91 6543210987','Monday',0,'codriver'),(45,'Amelia Clark','+91 5432109876','Tuesday',1,'maindriver'),(46,'Lucas Moore','+91 4321098765','Wednesday',0,'codriver'),(47,'Aria Hill','+91 3210987654','Thursday',1,'maindriver'),(48,'Oliver Parker','+91 2109876543','Friday',0,'maindriver'),(49,'Emma Mitchell','+91 1098765432','Saturday',1,'maindriver'),(50,'Logan Ward','+91 0987654321','Sunday',0,'codriver'),(51,'Ella Howard','+91 9876543210','Monday',1,'maindriver'),(52,'Caleb Adams','+91 8765432109','Tuesday',0,'codriver'),(53,'Avery Simmons','+91 7654321098','Wednesday',1,'maindriver'),(54,'Scarlett Ward','+91 6543210987','Thursday',0,'codriver'),(55,'Levi White','+91 5432109876','Friday',1,'codriver'),(56,'Lily Jenkins','+91 4321098765','Saturday',0,'maindriver'),(57,'Samuel Hayes','+91 3210987654','Sunday',1,'maindriver'),(58,'Evelyn Richardson','+91 2109876543','Monday',0,'codriver'),(59,'Grayson Campbell','+91 1098765432','Tuesday',1,'maindriver'),(60,'Aubrey Ward','+91 0987654321','Wednesday',0,'codriver'),(61,'Hudson Parker','+91 9876543210','Thursday',1,'maindriver'),(62,'Zoe Perry','+91 8765432109','Friday',0,'maindriver'),(63,'Eli Roberts','+91 7654321098','Saturday',1,'codriver'),(64,'Aria Hill','+91 6543210987','Sunday',0,'codriver'),(65,'Nolan Turner','+91 5432109876','Monday',1,'maindriver'),(66,'Piper Ward','+91 4321098765','Tuesday',0,'codriver'),(67,'Jackson Evans','+91 3210987654','Wednesday',1,'codriver'),(68,'Mila Russell','+91 2109876543','Thursday',0,'maindriver'),(69,'Lincoln Fisher','+91 1098765432','Friday',1,'maindriver'),(70,'Hazel Clark','+91 0987654321','Saturday',0,'maindriver'),(71,'Landon Wells','+91 9876543210','Sunday',1,'maindriver'),(72,'Brooklyn Morgan','+91 8765432109','Monday',0,'maindriver'),(73,'Carter Alexander','+91 7654321098','Tuesday',1,'codriver'),(74,'Luna Campbell','+91 6543210987','Wednesday',0,'maindriver'),(75,'Chase Perry','+91 5432109876','Thursday',1,'maindriver'),(76,'Stella Richardson','+91 4321098765','Friday',0,'maindriver'),(77,'Jaxon Hayes','+91 3210987654','Saturday',1,'maindriver'),(78,'Madison Reyes','+91 2109876543','Sunday',0,'maindriver'),(79,'Axel Simmons','+91 1098765432','Monday',1,'codriver'),(80,'Savannah Ward','+91 0987654321','Tuesday',0,'maindriver'),(81,'Gabriel Parker','+91 9876543210','Wednesday',1,'maindriver'),(82,'Lily Jenkins','+91 8765432109','Thursday',0,'maindriver'),(83,'Bentley Turner','+91 7654321098','Friday',1,'codriver'),(84,'Nova Perry','+91 6543210987','Saturday',0,'codriver'),(85,'Jace Fisher','+91 5432109876','Sunday',1,'maindriver'),(86,'Paisley Ward','+91 4321098765','Monday',0,'codriver'),(87,'Kayden Evans','+91 3210987654','Tuesday',1,'codriver'),(88,'Luna Russell','+91 2109876543','Wednesday',0,'maindriver'),(89,'Ryder Campbell','+91 1098765432','Thursday',1,'codriver'),(90,'Aria Hill','+91 0987654321','Friday',0,'codriver'),(91,'Oscar Alexander','+91 9876543210','Saturday',1,'codriver'),(92,'Skylar Richardson','+91 8765432109','Sunday',0,'codriver'),(93,'Ezra Hayes','+91 7654321098','Monday',1,'maindriver'),(94,'Emma Mitchell','+91 6543210987','Tuesday',0,'maindriver'),(95,'Hudson Ward','+91 5432109876','Wednesday',1,'maindriver'),(96,'Scarlett Fisher','+91 4321098765','Thursday',0,'maindriver'),(97,'Maverick Turner','+91 3210987654','Friday',1,'maindriver'),(98,'Aurora Perry','+91 2109876543','Saturday',0,'codriver'),(99,'Silas Simmons','+91 1098765432','Sunday',1,'maindriver'),(100,'Zara Jenkins','+91 0987654321','Monday',0,'codriver'),(101,'Ethan Ward','+91 9876543210','Tuesday',1,'codriver'),(102,'Zoe Perry','+91 8765432109','Wednesday',0,'codriver'),(103,'Eli Roberts','+91 7654321098','Thursday',1,'codriver'),(104,'Aria Hill','+91 6543210987','Friday',0,'codriver'),(105,'Nolan Turner','+91 5432109876','Saturday',1,'codriver'),(106,'Piper Ward','+91 4321098765','Sunday',0,'codriver'),(107,'Jackson Evans','+91 3210987654','Monday',1,'maindriver'),(108,'Mila Russell','+91 2109876543','Tuesday',0,'codriver'),(109,'Lincoln Fisher','+91 1098765432','Wednesday',1,'codriver'),(110,'Hazel Clark','+91 0987654321','Thursday',0,'codriver'),(111,'Landon Wells','+91 9876543210','Friday',1,'codriver'),(112,'Brooklyn Morgan','+91 8765432109','Saturday',0,'maindriver'),(113,'Carter Alexander','+91 7654321098','Sunday',1,'maindriver'),(114,'Luna Campbell','+91 6543210987','Monday',0,'codriver'),(115,'Chase Perry','+91 5432109876','Tuesday',1,'maindriver'),(116,'Stella Richardson','+91 4321098765','Wednesday',0,'codriver'),(117,'Jaxon Hayes','+91 3210987654','Thursday',1,'codriver'),(118,'Madison Reyes','+91 2109876543','Friday',0,'codriver'),(119,'Axel Simmons','+91 1098765432','Saturday',1,'maindriver'),(120,'Savannah Ward','+91 0987654321','Sunday',0,'maindriver'),(121,'Gabriel Parker','+91 9876543210','Monday',1,'codriver'),(122,'Lily Jenkins','+91 8765432109','Tuesday',0,'codriver'),(123,'Bentley Turner','+91 7654321098','Wednesday',1,'maindriver'),(124,'Nova Perry','+91 6543210987','Thursday',0,'codriver'),(125,'Jace Fisher','+91 5432109876','Friday',1,'maindriver'),(126,'Paisley Ward','+91 4321098765','Saturday',0,'maindriver'),(127,'Kayden Evans','+91 3210987654','Sunday',1,'maindriver'),(128,'Luna Russell','+91 2109876543','Monday',0,'maindriver'),(129,'Ryder Campbell','+91 1098765432','Tuesday',1,'maindriver'),(130,'Aria Hill','+91 0987654321','Wednesday',0,'maindriver'),(131,'Oscar Alexander','+91 9876543210','Thursday',1,'maindriver'),(132,'Skylar Richardson','+91 8765432109','Friday',0,'codriver'),(133,'Ezra Hayes','+91 7654321098','Saturday',1,'codriver'),(134,'Emma Mitchell','+91 6543210987','Sunday',0,'codriver'),(135,'Hudson Ward','+91 5432109876','Monday',1,'maindriver'),(136,'Scarlett Fisher','+91 4321098765','Tuesday',0,'maindriver'),(137,'Maverick Turner','+91 3210987654','Wednesday',1,'codriver'),(138,'Aurora Perry','+91 2109876543','Thursday',0,'maindriver'),(139,'Silas Simmons','+91 1098765432','Friday',1,'codriver'),(140,'Zara Jenkins','+91 0987654321','Saturday',0,'maindriver'),(141,'Ella Howard','+91 9876543210','Sunday',1,'codriver'),(142,'Caleb Adams','+91 8765432109','Monday',0,'codriver'),(143,'Avery Simmons','+91 7654321098','Tuesday',1,'maindriver'),(144,'Scarlett Ward','+91 6543210987','Wednesday',0,'codriver'),(145,'Levi White','+91 5432109876','Thursday',1,'codriver'),(146,'Lily Jenkins','+91 4321098765','Friday',0,'maindriver'),(147,'Samuel Hayes','+91 3210987654','Saturday',1,'maindriver'),(148,'Evelyn Richardson','+91 2109876543','Sunday',0,'maindriver'),(149,'Grayson Campbell','+91 1098765432','Monday',1,'codriver'),(150,'Aubrey Ward','+91 0987654321','Tuesday',0,'maindriver');
/*!40000 ALTER TABLE `driver` ENABLE KEYS */;
UNLOCK TABLES;

--
-- Table structure for table `maintenanceschedule`
--

DROP TABLE IF EXISTS `maintenanceschedule`;
/*!40101 SET @saved_cs_client     = @@character_set_client */;
/*!50503 SET character_set_client = utf8mb4 */;
CREATE TABLE `maintenanceschedule` (
  `MaintenanceID` int NOT NULL,
  `EntityID` int DEFAULT NULL,
  `CoachID` int DEFAULT NULL,
  `LastMaintenanceDate` date DEFAULT NULL,
  `DueForMaintenance` date DEFAULT NULL,
  PRIMARY KEY (`MaintenanceID`),
  KEY `CoachID` (`CoachID`),
  CONSTRAINT `maintenanceschedule_ibfk_1` FOREIGN KEY (`CoachID`) REFERENCES `coach` (`CoachID`)
) ENGINE=InnoDB DEFAULT CHARSET=utf8mb4 COLLATE=utf8mb4_0900_ai_ci;
/*!40101 SET character_set_client = @saved_cs_client */;

--
-- Dumping data for table `maintenanceschedule`
--

LOCK TABLES `maintenanceschedule` WRITE;
/*!40000 ALTER TABLE `maintenanceschedule` DISABLE KEYS */;
INSERT INTO `maintenanceschedule` VALUES (1,101,1,'2021-06-03','2023-11-09'),(2,102,2,'2023-02-22','2023-11-25'),(3,103,3,'2021-08-02','2023-11-11'),(4,104,4,'2023-05-27','2023-11-08'),(5,105,5,'2022-05-19','2023-11-07'),(6,106,6,'2023-08-26','2023-11-13'),(7,107,7,'2021-03-27','2023-11-14'),(8,108,8,'2023-02-05','2023-10-31'),(9,109,9,'2021-11-29','2023-11-21'),(10,110,10,'2022-03-21','2023-11-14'),(11,111,11,'2021-05-26','2023-11-07'),(12,112,12,'2022-04-20','2023-11-23'),(13,113,13,'2023-05-05','2023-11-04'),(14,114,14,'2022-11-21','2023-11-14'),(15,115,15,'2023-06-03','2023-11-28'),(16,116,16,'2021-07-10','2023-11-10'),(17,117,17,'2022-04-08','2023-11-24'),(18,118,18,'2022-10-24','2023-11-02'),(19,119,19,'2023-04-19','2023-11-27'),(20,120,20,'2021-02-20','2023-11-12'),(21,121,21,'2023-09-01','2023-11-10'),(22,122,22,'2022-02-02','2023-11-11'),(23,123,23,'2021-05-26','2023-11-28'),(24,124,24,'2022-09-07','2023-11-18'),(25,125,25,'2022-04-22','2023-11-04'),(26,126,26,'2022-06-23','2023-11-29'),(27,127,27,'2021-07-03','2023-11-12'),(28,128,28,'2022-01-17','2023-11-02'),(29,129,29,'2021-10-06','2023-11-07'),(30,130,30,'2021-09-07','2023-11-29'),(31,131,31,'2022-02-13','2023-11-06'),(32,132,32,'2021-08-03','2023-11-02'),(33,133,33,'2023-07-17','2023-11-24'),(34,134,34,'2023-01-25','2023-11-24'),(35,135,35,'2023-09-18','2023-11-17'),(36,136,36,'2022-06-13','2023-11-16'),(37,137,37,'2023-01-21','2023-11-29'),(38,138,38,'2021-01-10','2023-11-06'),(39,139,39,'2023-10-31','2023-11-03'),(40,140,40,'2023-04-01','2023-11-27'),(41,141,41,'2023-09-28','2023-11-06'),(42,142,42,'2022-01-17','2023-11-12'),(43,143,43,'2023-12-03','2023-11-12'),(44,144,44,'2023-08-06','2023-11-23'),(45,145,45,'2022-04-02','2023-11-18'),(46,146,46,'2022-06-07','2023-11-24'),(47,147,47,'2021-06-12','2023-11-06'),(48,148,48,'2021-11-23','2023-11-20'),(49,149,49,'2021-03-03','2023-11-20'),(50,150,50,'2022-02-16','2023-11-12'),(51,101,51,'2023-03-03','2023-10-31'),(52,102,52,'2022-07-17','2023-11-24'),(53,103,53,'2022-03-14','2023-10-31'),(54,104,54,'2022-05-15','2023-11-18'),(55,105,55,'2021-04-16','2023-11-03'),(56,106,56,'2021-04-19','2023-11-22'),(57,107,57,'2021-08-16','2023-11-09'),(58,108,58,'2023-03-22','2023-11-12'),(59,109,59,'2021-05-13','2023-11-02'),(60,110,60,'2022-01-26','2023-11-06'),(61,111,61,'2022-04-20','2023-11-22'),(62,112,62,'2021-05-01','2023-11-05'),(63,113,63,'2021-09-15','2023-11-19'),(64,114,64,'2023-07-16','2023-11-19'),(65,115,65,'2022-09-15','2023-11-08'),(66,116,66,'2021-11-28','2023-11-13'),(67,117,67,'2023-05-21','2023-11-13'),(68,118,68,'2021-04-26','2023-11-28'),(69,119,69,'2021-05-10','2023-11-10'),(70,120,70,'2021-10-26','2023-11-27'),(71,121,71,'2021-01-26','2023-11-14'),(72,122,72,'2021-11-08','2023-11-21'),(73,123,73,'2022-02-06','2023-11-04'),(74,124,74,'2023-12-07','2023-11-18'),(75,125,75,'2023-07-01','2023-11-17'),(76,126,76,'2021-09-23','2023-11-03'),(77,127,77,'2023-01-21','2023-11-24'),(78,128,78,'2023-03-09','2023-11-22'),(79,129,79,'2022-10-16','2023-11-06'),(80,130,80,'2023-05-28','2023-11-27'),(81,131,81,'2021-09-25','2023-11-28'),(82,132,82,'2023-05-13','2023-11-27'),(83,133,83,'2021-09-30','2023-11-22'),(84,134,84,'2023-07-24','2023-11-01'),(85,135,85,'2022-09-06','2023-10-31'),(86,136,86,'2021-09-24','2023-11-29'),(87,137,87,'2022-07-24','2023-11-22'),(88,138,88,'2023-08-26','2023-11-24'),(89,139,89,'2023-08-27','2023-11-27'),(90,140,90,'2023-05-11','2023-11-01'),(91,141,91,'2021-11-14','2023-11-15'),(92,142,92,'2021-03-27','2023-11-14'),(93,143,93,'2022-07-09','2023-11-27'),(94,144,94,'2021-12-23','2023-10-31'),(95,145,95,'2021-04-30','2023-11-13'),(96,146,96,'2022-08-31','2023-11-03'),(97,147,97,'2022-06-04','2023-11-05'),(98,148,98,'2023-02-12','2023-11-20'),(99,149,99,'2021-05-27','2023-11-23'),(100,150,100,'2022-07-29','2023-11-26'),(151,201,1,'2021-09-29','2023-11-03'),(152,202,2,'2022-12-19','2023-11-26'),(153,203,3,'2022-09-02','2023-11-02'),(154,204,4,'2023-06-15','2023-11-23'),(155,205,5,'2022-05-05','2023-11-18'),(156,206,6,'2023-04-20','2023-11-21'),(157,207,7,'2022-07-25','2023-11-21'),(158,208,8,'2021-11-30','2023-11-13'),(159,209,9,'2023-11-01','2023-11-02'),(160,210,10,'2023-07-22','2023-11-04'),(161,211,11,'2022-04-25','2023-11-13'),(162,212,12,'2022-11-10','2023-11-23'),(163,213,13,'2023-05-25','2023-11-16'),(164,214,14,'2021-06-28','2023-11-13'),(165,215,15,'2022-03-05','2023-11-19'),(166,216,16,'2022-06-09','2023-11-25'),(167,217,17,'2021-09-18','2023-11-10'),(168,218,18,'2023-03-19','2023-11-03'),(169,219,19,'2021-01-17','2023-11-15'),(170,220,20,'2023-06-21','2023-11-07'),(171,221,21,'2021-05-18','2023-11-22'),(172,222,22,'2021-05-23','2023-10-31'),(173,223,23,'2021-10-28','2023-11-24'),(174,224,24,'2023-12-09','2023-11-01'),(175,225,25,'2021-05-24','2023-11-23'),(176,226,26,'2023-01-11','2023-11-21'),(177,227,27,'2021-01-30','2023-11-09'),(178,228,28,'2021-03-30','2023-11-09'),(179,229,29,'2021-12-20','2023-11-22'),(180,230,30,'2022-02-28','2023-11-21'),(181,231,31,'2023-11-23','2023-11-09'),(182,232,32,'2023-02-11','2023-11-12'),(183,233,33,'2022-11-19','2023-11-06'),(184,234,34,'2021-02-13','2023-11-25'),(185,235,35,'2021-11-11','2023-11-17'),(186,236,36,'2021-12-30','2023-11-08'),(187,237,37,'2023-05-25','2023-11-23'),(188,238,38,'2021-02-09','2023-10-31'),(189,239,39,'2023-03-28','2023-11-20'),(190,240,40,'2022-12-24','2023-11-11'),(191,241,41,'2021-03-24','2023-11-25'),(192,242,42,'2022-02-11','2023-11-04'),(193,243,43,'2022-12-05','2023-11-05'),(194,244,44,'2021-05-20','2023-11-13'),(195,245,45,'2023-01-15','2023-11-21'),(196,246,46,'2021-03-06','2023-11-05'),(197,247,47,'2021-09-06','2023-11-23'),(198,248,48,'2023-11-17','2023-11-10'),(199,249,49,'2021-07-05','2023-11-13'),(200,250,50,'2023-10-15','2023-11-06');
/*!40000 ALTER TABLE `maintenanceschedule` ENABLE KEYS */;
UNLOCK TABLES;

--
-- Table structure for table `passenger`
--

DROP TABLE IF EXISTS `passenger`;
/*!40101 SET @saved_cs_client     = @@character_set_client */;
/*!50503 SET character_set_client = utf8mb4 */;
CREATE TABLE `passenger` (
  `PassengerID` int NOT NULL,
  `Name` varchar(255) DEFAULT NULL,
  `Age` int DEFAULT NULL,
  `DiscountType` varchar(10) DEFAULT NULL,
  `TotalTrips` int DEFAULT NULL,
  PRIMARY KEY (`PassengerID`)
) ENGINE=InnoDB DEFAULT CHARSET=utf8mb4 COLLATE=utf8mb4_0900_ai_ci;
/*!40101 SET character_set_client = @saved_cs_client */;

--
-- Dumping data for table `passenger`
--

LOCK TABLES `passenger` WRITE;
/*!40000 ALTER TABLE `passenger` DISABLE KEYS */;
INSERT INTO `passenger` VALUES (1,'John Doe',30,'Adult',4),(2,'Jane Smith',10,'Child',2),(3,'Michael Johnson',45,'Adult',4),(4,'Emily Williams',70,'Senior',2),(5,'Christopher Brown',28,'Adult',1),(6,'Jessica Jones',8,'Child',5),(7,'William Miller',55,'Adult',1),(8,'Olivia Davis',68,'Senior',1),(9,'Daniel Garcia',40,'Adult',4),(10,'Ava Rodriguez',5,'Child',1),(11,'Liam Martinez',25,'Adult',4),(12,'Sophia Jackson',60,'Adult',1),(13,'Mason Taylor',12,'Child',1),(14,'Amelia Clark',35,'Adult',1),(15,'Lucas Moore',18,'Adult',3),(16,'Aria Hill',8,'Child',5),(17,'Oliver Parker',50,'Adult',2),(18,'Emma Mitchell',22,'Adult',5),(19,'Logan Ward',65,'Senior',3),(20,'Avery Fisher',7,'Child',3),(21,'Ethan Turner',28,'Adult',1),(22,'Mia Russell',9,'Child',2),(23,'Noah Cooper',48,'Adult',2),(24,'Isabella Bennett',32,'Adult',2),(25,'Carter Alexander',70,'Senior',5),(26,'Charlotte Barnes',15,'Adult',2),(27,'Elijah Reed',5,'Child',5),(28,'Grace Fisher',45,'Adult',5),(29,'Owen Murray',60,'Adult',4),(30,'Aiden Sullivan',10,'Child',5),(31,'Abigail Wells',30,'Adult',1),(32,'Jackson Evans',55,'Adult',2),(33,'Madison Reyes',28,'Adult',5),(34,'Aiden Morgan',8,'Child',5),(35,'Chloe Simmons',40,'Adult',4),(36,'Ethan Ward',70,'Senior',1),(37,'Ava Fisher',12,'Child',2),(38,'Liam Martin',22,'Adult',2),(39,'Olivia Dixon',65,'Senior',1),(40,'Lucas Clark',9,'Child',1),(41,'Emma Mitchell',28,'Adult',4),(42,'Logan Ward',50,'Adult',1),(43,'Sophia Perry',15,'Adult',4),(44,'Mason Taylor',8,'Child',4),(45,'Amelia Clark',32,'Adult',5),(46,'Lucas Moore',18,'Adult',3),(47,'Aria Hill',8,'Child',3),(48,'Oliver Parker',50,'Adult',1),(49,'Emma Mitchell',22,'Adult',1),(50,'Logan Ward',65,'Senior',5),(51,'Ella Howard',30,'Adult',2),(52,'Caleb Adams',9,'Child',4),(53,'Avery Simmons',60,'Adult',4),(54,'Scarlett Ward',75,'Senior',3),(55,'Levi White',29,'Adult',1),(56,'Lily Jenkins',7,'Child',1),(57,'Samuel Hayes',50,'Adult',3),(58,'Evelyn Richardson',70,'Senior',1),(59,'Grayson Campbell',35,'Adult',1),(60,'Aubrey Ward',12,'Child',4),(61,'Hudson Parker',32,'Adult',4),(62,'Zoe Perry',45,'Adult',3),(63,'Eli Roberts',75,'Senior',2),(64,'Aria Hill',28,'Adult',2),(65,'Nolan Turner',15,'Adult',2),(66,'Piper Ward',9,'Child',2),(67,'Jackson Evans',50,'Adult',1),(68,'Mila Russell',22,'Adult',1),(69,'Lincoln Fisher',65,'Senior',4),(70,'Hazel Clark',7,'Child',3),(71,'Landon Wells',30,'Adult',1),(72,'Brooklyn Morgan',55,'Adult',1),(73,'Carter Alexander',28,'Adult',4),(74,'Luna Campbell',12,'Child',3),(75,'Chase Perry',18,'Adult',2),(76,'Stella Richardson',8,'Child',4),(77,'Jaxon Hayes',50,'Adult',2),(78,'Madison Reyes',28,'Adult',1),(79,'Axel Simmons',7,'Child',4),(80,'Savannah Ward',35,'Adult',1),(81,'Gabriel Parker',12,'Child',4),(82,'Lily Jenkins',60,'Adult',5),(83,'Bentley Turner',75,'Senior',1),(84,'Nova Perry',22,'Adult',4),(85,'Jace Fisher',15,'Adult',2),(86,'Paisley Ward',9,'Child',5),(87,'Kayden Evans',28,'Adult',5),(88,'Luna Russell',45,'Adult',1),(89,'Ryder Campbell',65,'Senior',5),(90,'Aria Hill',7,'Child',2),(91,'Oscar Alexander',30,'Adult',3),(92,'Skylar Richardson',55,'Adult',4),(93,'Ezra Hayes',28,'Adult',4),(94,'Emma Mitchell',9,'Child',4),(95,'Hudson Ward',70,'Senior',3),(96,'Scarlett Fisher',32,'Adult',3),(97,'Maverick Turner',18,'Adult',5),(98,'Aurora Perry',8,'Child',5),(99,'Silas Simmons',50,'Adult',4),(100,'Zara Jenkins',22,'Adult',5),(101,'Ethan Ward',65,'Senior',1),(102,'Zoe Perry',30,'Adult',1),(103,'Eli Roberts',75,'Senior',2),(104,'Aria Hill',28,'Adult',5),(105,'Nolan Turner',15,'Adult',4),(106,'Piper Ward',9,'Child',3),(107,'Jackson Evans',50,'Adult',3),(108,'Mila Russell',22,'Adult',1),(109,'Lincoln Fisher',65,'Senior',4),(110,'Hazel Clark',7,'Child',4),(111,'Landon Wells',30,'Adult',2),(112,'Brooklyn Morgan',55,'Adult',4),(113,'Carter Alexander',28,'Adult',3),(114,'Luna Campbell',12,'Child',3),(115,'Chase Perry',18,'Adult',5),(116,'Stella Richardson',8,'Child',1),(117,'Jaxon Hayes',50,'Adult',2),(118,'Madison Reyes',28,'Adult',3),(119,'Axel Simmons',7,'Child',5),(120,'Savannah Ward',35,'Adult',3),(121,'Gabriel Parker',12,'Child',1),(122,'Lily Jenkins',60,'Adult',4),(123,'Bentley Turner',75,'Senior',2),(124,'Nova Perry',22,'Adult',3),(125,'Jace Fisher',15,'Adult',4),(126,'Paisley Ward',9,'Child',1),(127,'Kayden Evans',28,'Adult',2),(128,'Luna Russell',45,'Adult',3),(129,'Ryder Campbell',65,'Senior',2),(130,'Aria Hill',7,'Child',3),(131,'Oscar Alexander',30,'Adult',1),(132,'Skylar Richardson',55,'Adult',1),(133,'Ezra Hayes',28,'Adult',2),(134,'Emma Mitchell',9,'Child',3),(135,'Hudson Ward',70,'Senior',3),(136,'Scarlett Fisher',32,'Adult',1),(137,'Maverick Turner',18,'Adult',4),(138,'Aurora Perry',8,'Child',5),(139,'Silas Simmons',50,'Adult',5),(140,'Zara Jenkins',22,'Adult',2),(141,'Ella Howard',30,'Adult',2),(142,'Caleb Adams',9,'Child',5),(143,'Avery Simmons',60,'Adult',5),(144,'Scarlett Ward',75,'Senior',1),(145,'Levi White',29,'Adult',3),(146,'Lily Jenkins',7,'Child',4),(147,'Samuel Hayes',50,'Adult',1),(148,'Evelyn Richardson',70,'Senior',1),(149,'Grayson Campbell',35,'Adult',3),(150,'Aubrey Ward',12,'Child',4),(151,'Hudson Parker',32,'Adult',1),(152,'Zoe Perry',45,'Adult',3),(153,'Eli Roberts',75,'Senior',2),(154,'Aria Hill',28,'Adult',2),(155,'Nolan Turner',15,'Adult',3),(156,'Piper Ward',9,'Child',1),(157,'Jackson Evans',50,'Adult',2),(158,'Mila Russell',22,'Adult',2),(159,'Lincoln Fisher',65,'Senior',5),(160,'Hazel Clark',7,'Child',1),(161,'Landon Wells',30,'Adult',4),(162,'Brooklyn Morgan',55,'Adult',1),(163,'Carter Alexander',28,'Adult',3),(164,'Luna Campbell',12,'Child',1),(165,'Chase Perry',18,'Adult',5),(166,'Stella Richardson',8,'Child',3),(167,'Jaxon Hayes',50,'Adult',3),(168,'Madison Reyes',28,'Adult',3),(169,'Axel Simmons',7,'Child',4),(170,'Savannah Ward',35,'Adult',1),(171,'Gabriel Parker',12,'Child',1),(172,'Lily Jenkins',60,'Adult',2),(173,'Bentley Turner',75,'Senior',2),(174,'Nova Perry',22,'Adult',5),(175,'Jace Fisher',15,'Adult',3),(176,'Paisley Ward',9,'Child',2),(177,'Kayden Evans',28,'Adult',3),(178,'Luna Russell',45,'Adult',3),(179,'Ryder Campbell',65,'Senior',5),(180,'Aria Hill',7,'Child',5),(181,'Oscar Alexander',30,'Adult',5),(182,'Skylar Richardson',55,'Adult',3),(183,'Ezra Hayes',28,'Adult',2),(184,'Emma Mitchell',9,'Child',2),(185,'Hudson Ward',70,'Senior',2),(186,'Scarlett Fisher',32,'Adult',2),(187,'Maverick Turner',18,'Adult',4),(188,'Aurora Perry',8,'Child',5),(189,'Silas Simmons',50,'Adult',2),(190,'Zara Jenkins',22,'Adult',2),(191,'Ethan Ward',65,'Senior',5),(192,'Zoe Perry',30,'Adult',1),(193,'Eli Roberts',75,'Senior',3),(194,'Aria Hill',28,'Adult',1),(195,'Nolan Turner',15,'Adult',5),(196,'Piper Ward',9,'Child',3),(197,'Jackson Evans',50,'Adult',4),(198,'Mila Russell',22,'Adult',5),(199,'Lincoln Fisher',65,'Senior',3),(200,'Hazel Clark',7,'Child',4),(201,'Landon Wells',30,'Adult',2),(202,'Brooklyn Morgan',55,'Adult',4),(203,'Carter Alexander',28,'Adult',5),(204,'Luna Campbell',12,'Child',1),(205,'Chase Perry',18,'Adult',2),(206,'Stella Richardson',8,'Child',2),(207,'Jaxon Hayes',50,'Adult',5),(208,'Madison Reyes',28,'Adult',4),(209,'Axel Simmons',7,'Child',2),(210,'Savannah Ward',35,'Adult',4),(211,'Gabriel Parker',12,'Child',1),(212,'Lily Jenkins',60,'Adult',1),(213,'Bentley Turner',75,'Senior',4),(214,'Nova Perry',22,'Adult',3),(215,'Jace Fisher',15,'Adult',2),(216,'Paisley Ward',9,'Child',5),(217,'Kayden Evans',28,'Adult',1),(218,'Luna Russell',45,'Adult',1),(219,'Ryder Campbell',65,'Senior',3),(220,'Aria Hill',7,'Child',1),(221,'Oscar Alexander',30,'Adult',4),(222,'Skylar Richardson',55,'Adult',2),(223,'Ezra Hayes',28,'Adult',2),(224,'Emma Mitchell',9,'Child',2),(225,'Hudson Ward',70,'Senior',1),(226,'Scarlett Fisher',32,'Adult',2),(227,'Maverick Turner',18,'Adult',3),(228,'Aurora Perry',8,'Child',4),(229,'Silas Simmons',50,'Adult',1),(230,'Zara Jenkins',22,'Adult',4),(231,'Ethan Ward',65,'Senior',3),(232,'Zoe Perry',30,'Adult',1),(233,'Eli Roberts',75,'Senior',3),(234,'Aria Hill',28,'Adult',4),(235,'Nolan Turner',15,'Adult',3),(236,'Piper Ward',9,'Child',5),(237,'Jackson Evans',50,'Adult',1),(238,'Mila Russell',22,'Adult',4),(239,'Lincoln Fisher',65,'Senior',2),(240,'Hazel Clark',7,'Child',1),(241,'Landon Wells',30,'Adult',2),(242,'Brooklyn Morgan',55,'Adult',3),(243,'Carter Alexander',28,'Adult',4),(244,'Luna Campbell',12,'Child',5),(245,'Chase Perry',18,'Adult',3),(246,'Stella Richardson',8,'Child',3),(247,'Jaxon Hayes',50,'Adult',2),(248,'Madison Reyes',28,'Adult',2),(249,'Axel Simmons',7,'Child',1),(250,'Savannah Ward',35,'Adult',5),(251,'Gabriel Parker',12,'Child',5),(252,'Lily Jenkins',60,'Adult',4),(253,'Bentley Turner',75,'Senior',5),(254,'Nova Perry',22,'Adult',4),(255,'Jace Fisher',15,'Adult',2),(256,'Paisley Ward',9,'Child',5),(257,'Kayden Evans',28,'Adult',4),(258,'Luna Russell',45,'Adult',4),(259,'Ryder Campbell',65,'Senior',1),(260,'Aria Hill',7,'Child',2),(261,'Oscar Alexander',30,'Adult',2),(262,'Skylar Richardson',55,'Adult',4),(263,'Ezra Hayes',28,'Adult',5),(264,'Emma Mitchell',9,'Child',5),(265,'Hudson Ward',70,'Senior',5),(266,'Scarlett Fisher',32,'Adult',5),(267,'Maverick Turner',18,'Adult',5),(268,'Aurora Perry',8,'Child',5),(269,'Silas Simmons',50,'Adult',3),(270,'Zara Jenkins',22,'Adult',5),(271,'Ethan Ward',65,'Senior',4),(272,'Zoe Perry',30,'Adult',2),(273,'Eli Roberts',75,'Senior',5),(274,'Aria Hill',28,'Adult',4),(275,'Nolan Turner',15,'Adult',3),(276,'Piper Ward',9,'Child',4),(277,'Jackson Evans',50,'Adult',5),(278,'Mila Russell',22,'Adult',3),(279,'Lincoln Fisher',65,'Senior',5),(280,'Hazel Clark',7,'Child',4),(281,'Landon Wells',30,'Adult',2),(282,'Brooklyn Morgan',55,'Adult',2),(283,'Carter Alexander',28,'Adult',5),(284,'Luna Campbell',12,'Child',1),(285,'Chase Perry',18,'Adult',4),(286,'Stella Richardson',8,'Child',4),(287,'Jaxon Hayes',50,'Adult',3),(288,'Madison Reyes',28,'Adult',2),(289,'Axel Simmons',7,'Child',4),(290,'Savannah Ward',35,'Adult',4),(291,'Gabriel Parker',12,'Child',1),(292,'Lily Jenkins',60,'Adult',2),(293,'Bentley Turner',75,'Senior',3),(294,'Nova Perry',22,'Adult',1),(295,'Jace Fisher',15,'Adult',3),(296,'Paisley Ward',9,'Child',3),(297,'Kayden Evans',28,'Adult',2),(298,'Luna Russell',45,'Adult',3),(299,'Ryder Campbell',65,'Senior',1),(300,'Aria Hill',7,'Child',4),(301,'Oscar Alexander',30,'Adult',3),(302,'Skylar Richardson',55,'Adult',5),(303,'Ezra Hayes',28,'Adult',5),(304,'Emma Mitchell',9,'Child',1),(305,'Hudson Ward',70,'Senior',2),(306,'Scarlett Fisher',32,'Adult',5),(307,'Maverick Turner',18,'Adult',2),(308,'Aurora Perry',8,'Child',4),(309,'Silas Simmons',50,'Adult',3),(310,'Zara Jenkins',22,'Adult',4),(311,'Ethan Ward',65,'Senior',4),(312,'Zoe Perry',30,'Adult',1),(313,'Eli Roberts',75,'Senior',3),(314,'Aria Hill',28,'Adult',2),(315,'Nolan Turner',15,'Adult',4),(316,'Piper Ward',9,'Child',5),(317,'Jackson Evans',50,'Adult',1),(318,'Mila Russell',22,'Adult',5),(319,'Lincoln Fisher',65,'Senior',1),(320,'Hazel Clark',7,'Child',5),(321,'Landon Wells',30,'Adult',5),(322,'Brooklyn Morgan',55,'Adult',2),(323,'Carter Alexander',28,'Adult',4),(324,'Luna Campbell',12,'Child',4),(325,'Chase Perry',18,'Adult',2),(326,'Stella Richardson',8,'Child',1),(327,'Jaxon Hayes',50,'Adult',5),(328,'Madison Reyes',28,'Adult',5),(329,'Axel Simmons',7,'Child',2),(330,'Savannah Ward',35,'Adult',5),(331,'Gabriel Parker',12,'Child',2),(332,'Lily Jenkins',60,'Adult',4),(333,'Bentley Turner',75,'Senior',5),(334,'Nova Perry',22,'Adult',3),(335,'Jace Fisher',15,'Adult',2),(336,'Paisley Ward',9,'Child',2),(337,'Kayden Evans',28,'Adult',2),(338,'Luna Russell',45,'Adult',1),(339,'Ryder Campbell',65,'Senior',5),(340,'Aria Hill',7,'Child',4),(341,'Oscar Alexander',30,'Adult',5),(342,'Skylar Richardson',55,'Adult',1),(343,'Ezra Hayes',28,'Adult',2),(344,'Emma Mitchell',9,'Child',3),(345,'Hudson Ward',70,'Senior',2),(346,'Scarlett Fisher',32,'Adult',4),(347,'Maverick Turner',18,'Adult',3),(348,'Aurora Perry',8,'Child',3),(349,'Silas Simmons',50,'Adult',1),(350,'Zara Jenkins',22,'Adult',4),(351,'Ethan Ward',65,'Senior',5),(352,'Zoe Perry',30,'Adult',5),(353,'Eli Roberts',75,'Senior',3),(354,'Aria Hill',28,'Adult',3),(355,'Nolan Turner',15,'Adult',3),(356,'Piper Ward',9,'Child',5),(357,'Jackson Evans',50,'Adult',2),(358,'Mila Russell',22,'Adult',2),(359,'Lincoln Fisher',65,'Senior',4),(360,'Hazel Clark',7,'Child',3),(361,'Landon Wells',30,'Adult',5),(362,'Brooklyn Morgan',55,'Adult',3),(363,'Carter Alexander',28,'Adult',2),(364,'Luna Campbell',12,'Child',4),(365,'Chase Perry',18,'Adult',4),(366,'Stella Richardson',8,'Child',4),(367,'Jaxon Hayes',50,'Adult',4),(368,'Madison Reyes',28,'Adult',1),(369,'Axel Simmons',7,'Child',4),(370,'Savannah Ward',35,'Adult',5),(371,'Gabriel Parker',12,'Child',1),(372,'Lily Jenkins',60,'Adult',2),(373,'Bentley Turner',75,'Senior',5),(374,'Nova Perry',22,'Adult',4),(375,'Jace Fisher',15,'Adult',3),(376,'Paisley Ward',9,'Child',5),(377,'Kayden Evans',28,'Adult',3),(378,'Luna Russell',45,'Adult',4),(379,'Ryder Campbell',65,'Senior',2),(380,'Aria Hill',7,'Child',4),(381,'Oscar Alexander',30,'Adult',1),(382,'Skylar Richardson',55,'Adult',2),(383,'Ezra Hayes',28,'Adult',4),(384,'Emma Mitchell',9,'Child',1),(385,'Hudson Ward',70,'Senior',2),(386,'Scarlett Fisher',32,'Adult',1),(387,'Maverick Turner',18,'Adult',4),(388,'Aurora Perry',8,'Child',3),(389,'Silas Simmons',50,'Adult',4),(390,'Zara Jenkins',22,'Adult',3),(391,'Ethan Ward',65,'Senior',4),(392,'Zoe Perry',30,'Adult',5),(393,'Eli Roberts',75,'Senior',1),(394,'Aria Hill',28,'Adult',1),(395,'Nolan Turner',15,'Adult',5),(396,'Piper Ward',9,'Child',1),(397,'Jackson Evans',50,'Adult',2),(398,'Mila Russell',22,'Adult',4),(399,'Lincoln Fisher',65,'Senior',4),(400,'Hazel Clark',7,'Child',4);
/*!40000 ALTER TABLE `passenger` ENABLE KEYS */;
UNLOCK TABLES;

--
-- Table structure for table `route`
--

DROP TABLE IF EXISTS `route`;
/*!40101 SET @saved_cs_client     = @@character_set_client */;
/*!50503 SET character_set_client = utf8mb4 */;
CREATE TABLE `route` (
  `RouteID` int NOT NULL,
  `SourceStation` varchar(255) DEFAULT NULL,
  `DestinationStation` varchar(255) DEFAULT NULL,
  PRIMARY KEY (`RouteID`)
) ENGINE=InnoDB DEFAULT CHARSET=utf8mb4 COLLATE=utf8mb4_0900_ai_ci;
/*!40101 SET character_set_client = @saved_cs_client */;

--
-- Dumping data for table `route`
--

LOCK TABLES `route` WRITE;
/*!40000 ALTER TABLE `route` DISABLE KEYS */;
INSERT INTO `route` VALUES (1,'Goa','Mumbai'),(2,'Ajmer','Lonavala'),(3,'Chennai','Bengaluru'),(4,'Delhi','Pune'),(5,'Hyderabad','Kolkata'),(6,'Jaipur','Ahmedabad'),(7,'Lucknow','Varanasi'),(8,'Coimbatore','Trichy'),(9,'Patna','Gaya'),(10,'Indore','Bhopal'),(11,'Kochi','Thiruvananthapuram'),(12,'Mysuru','Hubballi'),(13,'Visakhapatnam','Vijayawada'),(14,'Surat','Vadodara'),(15,'Amritsar','Chandigarh'),(16,'Ranchi','Jamshedpur'),(17,'Nagpur','Aurangabad'),(18,'Jodhpur','Udaipur'),(19,'Guwahati','Shillong'),(20,'Nashik','Aurangabad'),(21,'Bhubaneswar','Cuttack'),(22,'Tirupati','Vellore'),(23,'Raipur','Bilaspur'),(24,'Jammu','Srinagar'),(25,'Dhanbad','Asansol'),(26,'Kanpur','Allahabad'),(27,'Madurai','Tirunelveli'),(28,'Gwalior','Jhansi'),(29,'Agra','Mathura'),(30,'Thane','Navi Mumbai'),(31,'Kolkata','Howrah'),(32,'Puducherry','Cuddalore'),(33,'Bareilly','Moradabad'),(34,'Mangalore','Udupi'),(35,'Ambala','Panipat'),(36,'Warangal','Karimnagar'),(37,'Dehradun','Haridwar'),(38,'Bikaner','Kota'),(39,'Hisar','Sirsa'),(40,'Rajkot','Morbi'),(41,'Gandhinagar','Bharuch'),(42,'Shimla','Kullu'),(43,'Aligarh','Meerut'),(44,'Jabalpur','Satna'),(45,'Gaya','Bodh Gaya'),(46,'Salem','Erode'),(47,'Palakkad','Kozhikode'),(48,'Bellary','Gulbarga'),(49,'Bilaspur','Korba'),(50,'Chandrapur','Gondia'),(51,'Mumbai','Goa'),(52,'Lonavala','Ajmer'),(53,'Bengaluru','Chennai'),(54,'Pune','Delhi'),(55,'Kolkata','Hyderabad'),(56,'Ahmedabad','Jaipur'),(57,'Varanasi','Lucknow'),(58,'Trichy','Coimbatore'),(59,'Gaya','Patna'),(60,'Bhopal','Indore'),(61,'Thiruvananthapuram','Kochi'),(62,'Hubballi','Mysuru'),(63,'Vijayawada','Visakhapatnam'),(64,'Vadodara','Surat'),(65,'Chandigarh','Amritsar'),(66,'Jamshedpur','Ranchi'),(67,'Aurangabad','Nagpur'),(68,'Udaipur','Jodhpur'),(69,'Shillong','Guwahati'),(70,'Aurangabad','Nashik'),(71,'Cuttack','Bhubaneswar'),(72,'Vellore','Tirupati'),(73,'Bilaspur','Raipur'),(74,'Srinagar','Jammu'),(75,'Asansol','Dhanbad'),(76,'Allahabad','Kanpur'),(77,'Tirunelveli','Madurai'),(78,'Jhansi','Gwalior'),(79,'Mathura','Agra'),(80,'Navi Mumbai','Thane'),(81,'Howrah','Kolkata'),(82,'Cuddalore','Puducherry'),(83,'Moradabad','Bareilly'),(84,'Udupi','Mangalore'),(85,'Panipat','Ambala'),(86,'Karimnagar','Warangal'),(87,'Haridwar','Dehradun'),(88,'Kota','Bikaner'),(89,'Sirsa','Hisar'),(90,'Morbi','Rajkot'),(91,'Bharuch','Gandhinagar'),(92,'Kullu','Shimla'),(93,'Meerut','Aligarh'),(94,'Satna','Jabalpur'),(95,'Bodh Gaya','Gaya'),(96,'Erode','Salem'),(97,'Kozhikode','Palakkad'),(98,'Gulbarga','Bellary'),(99,'Korba','Bilaspur'),(100,'Gondia','Chandrapur');
/*!40000 ALTER TABLE `route` ENABLE KEYS */;
UNLOCK TABLES;

--
-- Table structure for table `schedule`
--

DROP TABLE IF EXISTS `schedule`;
/*!40101 SET @saved_cs_client     = @@character_set_client */;
/*!50503 SET character_set_client = utf8mb4 */;
CREATE TABLE `schedule` (
  `ScheduleID` int NOT NULL,
  `TrainID` int DEFAULT NULL,
  `RouteID` int DEFAULT NULL,
  `DepartureTime` time DEFAULT NULL,
  `ArrivalTime` time DEFAULT NULL,
  `DepartureDate` date DEFAULT NULL,
  `OnTime` tinyint(1) NOT NULL,
  `ArrivalDate` date DEFAULT NULL,
  `ArrivalDelayMinutes` time DEFAULT NULL,
  `Delays` int DEFAULT NULL,
  PRIMARY KEY (`ScheduleID`),
  KEY `TrainID` (`TrainID`),
  KEY `RouteID` (`RouteID`),
  CONSTRAINT `schedule_ibfk_1` FOREIGN KEY (`TrainID`) REFERENCES `train` (`TrainID`),
  CONSTRAINT `schedule_ibfk_2` FOREIGN KEY (`RouteID`) REFERENCES `route` (`RouteID`)
) ENGINE=InnoDB DEFAULT CHARSET=utf8mb4 COLLATE=utf8mb4_0900_ai_ci;
/*!40101 SET character_set_client = @saved_cs_client */;

--
-- Dumping data for table `schedule`
--

LOCK TABLES `schedule` WRITE;
/*!40000 ALTER TABLE `schedule` DISABLE KEYS */;
INSERT INTO `schedule` VALUES (1,1,1,'05:45:00','12:10:00','2023-03-29',1,'2023-03-30','00:45:58',1),(2,1,2,'13:15:00','19:45:00','2023-06-19',0,'2023-06-20','01:35:46',9),(3,2,3,'06:30:00','12:45:00','2023-08-09',1,'2023-08-10','00:32:23',12),(4,2,4,'14:00:00','20:30:00','2023-08-20',0,'2023-08-21','01:32:39',4),(5,3,5,'07:15:00','13:30:00','2023-10-10',1,'2023-05-09','00:11:36',2),(6,3,6,'15:45:00','22:00:00','2023-10-10',1,'2023-11-07','01:18:53',10),(7,4,7,'08:00:00','14:30:00','2023-03-12',0,'2023-03-13','01:01:13',3),(8,4,8,'16:30:00','22:45:00','2023-06-03',0,'2023-06-04','01:11:10',12),(9,5,9,'09:30:00','15:45:00','2023-10-10',1,'2023-07-12','01:51:44',11),(10,5,10,'17:00:00','23:15:00','2023-10-10',1,'2023-05-12','01:52:22',5),(11,6,11,'10:00:00','16:15:00','2023-03-22',1,'2023-03-23','01:35:21',6),(12,6,12,'18:15:00','00:30:00','2023-01-12',1,'2023-01-13','00:48:39',1),(13,7,13,'11:30:00','17:45:00','2023-07-01',0,'2023-07-02','01:05:18',0),(14,7,14,'19:45:00','02:00:00','2023-05-24',1,'2023-05-25','01:00:00',0),(15,8,15,'12:45:00','19:00:00','2023-06-19',1,'2023-06-20','01:25:48',12),(16,8,16,'21:15:00','03:30:00','2023-02-24',1,'2023-02-25','01:11:25',6),(17,9,17,'14:15:00','20:30:00','2023-10-10',0,'2023-05-11','01:42:15',8),(18,9,18,'22:30:00','04:45:00','2023-10-10',1,'2023-05-01','01:06:57',9),(19,10,19,'15:45:00','22:00:00','2023-07-29',1,'2023-07-30','00:18:01',6),(20,10,20,'23:45:00','06:00:00','2023-11-19',1,'2023-11-20','01:39:15',4),(21,11,21,'16:30:00','22:45:00','2023-09-14',1,'2023-09-15','01:42:10',4),(22,11,22,'01:00:00','07:15:00','2023-11-09',0,'2023-11-10','01:33:03',9),(23,12,23,'17:15:00','23:30:00','2023-03-06',1,'2023-03-07','00:38:47',4),(24,12,24,'02:30:00','08:45:00','2023-04-24',0,'2023-04-25','00:14:48',8),(25,13,25,'18:00:00','00:15:00','2023-01-09',1,'2023-01-10','00:25:06',13),(26,13,26,'03:45:00','10:00:00','2023-03-11',0,'2023-03-12','01:27:51',1),(27,14,27,'19:30:00','01:45:00','2023-11-19',1,'2023-11-20','01:55:57',10),(28,14,28,'04:15:00','10:30:00','2023-11-03',1,'2023-11-04','01:50:31',3),(29,15,29,'20:45:00','03:00:00','2023-10-10',1,'2023-07-20','01:26:03',2),(30,15,30,'05:30:00','11:45:00','2023-10-10',0,'2023-03-22','01:23:43',13),(31,16,31,'21:30:00','03:45:00','2023-06-13',0,'2023-06-14','01:45:38',5),(32,16,32,'06:00:00','12:15:00','2023-08-03',0,'2023-08-04',NULL,0),(33,17,33,'22:15:00','04:30:00','2023-08-04',0,'2023-08-05','01:12:44',0),(34,17,34,'07:15:00','13:30:00','2023-03-13',0,'2023-03-14','01:05:40',1),(35,18,35,'23:00:00','05:15:00','2023-03-16',1,'2023-03-17',NULL,4),(36,18,36,'08:30:00','14:45:00','2023-06-08',1,'2023-06-09',NULL,4),(37,19,37,'23:45:00','06:00:00','2023-07-21',0,'2023-07-22',NULL,8),(38,19,38,'09:45:00','16:00:00','2023-06-20',1,'2023-06-21',NULL,13),(39,20,39,'00:30:00','06:45:00','2023-09-04',1,'2023-09-05',NULL,2),(40,20,40,'10:15:00','16:30:00','2023-12-24',1,'2023-12-25',NULL,0),(41,21,41,'01:15:00','07:30:00','2023-11-12',0,'2023-11-13','01:41:50',6),(42,21,42,'11:00:00','17:15:00','2023-05-22',1,'2023-05-23',NULL,5),(43,22,43,'02:00:00','08:15:00','2023-05-05',0,'2023-05-06','00:31:50',5),(44,22,44,'12:15:00','18:30:00','2023-07-17',0,'2023-07-18',NULL,13),(45,23,45,'02:45:00','09:00:00','2023-09-07',0,'2023-09-08',NULL,8),(46,23,46,'13:30:00','19:45:00','2023-10-19',0,'2023-10-20',NULL,2),(47,24,47,'03:30:00','09:45:00','2023-12-12',1,'2023-12-13',NULL,2),(48,24,48,'14:45:00','21:00:00','2023-04-30',1,'2023-05-01','01:39:31',2),(49,25,49,'04:15:00','10:30:00','2023-10-22',1,'2023-10-23','00:26:55',7),(50,25,50,'15:30:00','21:45:00','2023-01-17',1,'2023-01-18',NULL,2),(51,26,1,'05:00:00','11:15:00','2023-10-23',1,'2023-10-24','01:59:20',1),(52,26,2,'16:15:00','22:30:00','2023-11-29',0,'2023-11-30',NULL,2),(53,27,3,'06:45:00','12:00:00','2023-02-16',0,'2023-02-17','01:33:08',8),(54,27,4,'17:00:00','23:15:00','2023-11-28',1,'2023-11-29',NULL,6),(55,28,5,'07:30:00','13:45:00','2023-02-25',1,'2023-02-26','00:28:32',6),(56,28,6,'18:45:00','01:00:00','2023-01-16',1,'2023-01-17',NULL,12),(57,29,7,'08:15:00','14:30:00','2023-10-01',1,'2023-10-02','01:05:49',0),(58,29,8,'19:30:00','02:45:00','2023-08-16',1,'2023-08-17',NULL,7),(59,30,9,'09:00:00','15:15:00','2023-11-13',0,'2023-11-14',NULL,5),(60,30,10,'20:15:00','03:30:00','2023-06-20',0,'2023-06-21','01:22:14',8),(61,31,11,'09:45:00','16:00:00','2023-09-24',0,'2023-09-25','01:37:39',12),(62,31,12,'21:00:00','04:15:00','2023-04-01',1,'2023-04-02',NULL,7),(63,32,13,'10:30:00','16:45:00','2023-01-19',0,'2023-01-20',NULL,13),(64,32,14,'22:15:00','05:30:00','2023-07-05',1,'2023-07-06',NULL,4),(65,33,15,'11:00:00','17:15:00','2023-05-23',1,'2023-05-24',NULL,11),(66,33,16,'23:30:00','06:45:00','2023-06-07',1,'2023-06-08',NULL,13),(67,34,17,'11:45:00','18:00:00','2023-10-10',1,'2023-12-26','01:52:13',5),(68,34,18,'01:00:00','07:15:00','2023-10-10',1,'2023-08-15','01:20:55',1),(69,35,19,'12:30:00','18:45:00','2023-02-21',0,'2023-02-22','01:24:50',4),(70,35,20,'02:15:00','08:30:00','2023-11-06',1,'2023-11-07',NULL,4),(71,36,21,'13:15:00','19:30:00','2023-10-10',0,'2023-10-30','00:14:31',9),(72,36,22,'03:30:00','09:45:00','2023-10-10',1,'2023-08-01',NULL,5),(73,37,23,'14:00:00','20:15:00','2023-06-01',1,'2023-06-02','00:53:57',11),(74,37,24,'04:45:00','11:00:00','2023-05-06',0,'2023-05-07','00:47:43',13),(75,38,25,'14:45:00','21:00:00','2023-10-10',0,'2023-06-24',NULL,7),(76,38,26,'05:15:00','11:30:00','2023-10-10',1,'2023-05-07',NULL,8),(77,39,27,'15:30:00','21:45:00','2023-04-15',0,'2023-04-16','00:14:34',8),(78,39,28,'06:00:00','12:15:00','2023-05-29',0,'2023-05-30',NULL,13),(79,40,29,'16:15:00','22:30:00','2023-03-05',1,'2023-03-06',NULL,2),(80,40,30,'06:45:00','13:00:00','2023-08-24',1,'2023-08-25',NULL,0),(81,41,41,'01:15:00','07:30:00','2023-09-17',0,'2023-09-18',NULL,10),(82,41,42,'11:00:00','17:15:00','2023-08-13',1,'2023-08-14',NULL,5),(83,42,43,'02:00:00','08:15:00','2023-12-11',1,'2023-12-12',NULL,10),(84,42,44,'12:15:00','18:30:00','2023-11-16',1,'2023-11-17',NULL,8),(85,43,45,'02:45:00','09:00:00','2023-07-20',0,'2023-07-21',NULL,10),(86,43,46,'13:30:00','19:45:00','2023-02-13',1,'2023-02-14','00:22:49',12),(87,44,47,'03:30:00','09:45:00','2023-12-10',1,'2023-12-11',NULL,2),(88,44,48,'14:45:00','21:00:00','2023-05-11',1,'2023-05-12',NULL,5),(89,45,49,'04:15:00','10:30:00','2023-12-17',0,'2023-12-18','00:17:18',4),(90,45,50,'15:30:00','21:45:00','2023-09-22',1,'2023-09-23','01:45:41',7),(91,46,1,'05:00:00','11:15:00','2023-09-29',0,'2023-09-30','01:01:44',7),(92,46,2,'16:15:00','22:30:00','2023-07-18',0,'2023-07-19',NULL,2),(93,47,3,'06:45:00','12:00:00','2023-06-27',1,'2023-06-28',NULL,4),(94,47,4,'17:00:00','23:15:00','2023-10-19',0,'2023-10-20','00:39:31',1),(95,48,5,'07:30:00','13:45:00','2023-07-14',0,'2023-07-15','00:59:48',6),(96,48,6,'18:45:00','01:00:00','2023-04-08',0,'2023-04-09','00:28:43',0),(97,49,7,'08:15:00','14:30:00','2023-09-28',0,'2023-09-29',NULL,12),(98,49,8,'19:30:00','02:45:00','2023-11-27',0,'2023-11-28','01:49:52',4),(99,50,9,'09:00:00','15:15:00','2023-04-20',0,'2023-04-21',NULL,0),(100,50,10,'20:15:00','03:30:00','2023-10-14',1,'2023-10-15','01:04:16',1),(101,51,11,'09:45:00','16:00:00','2023-01-11',1,'2023-01-12','00:42:52',4),(102,51,12,'21:00:00','04:15:00','2023-10-15',1,'2023-10-16',NULL,3),(103,52,13,'10:30:00','16:45:00','2023-11-08',1,'2023-11-09',NULL,6),(104,52,14,'22:15:00','05:30:00','2023-11-26',1,'2023-11-27',NULL,7),(105,53,15,'11:00:00','17:15:00','2023-10-10',1,'2023-12-17',NULL,1),(106,53,16,'23:30:00','06:45:00','2023-10-10',0,'2023-01-28','01:32:14',1),(107,54,17,'11:45:00','18:00:00','2023-07-01',1,'2023-07-02',NULL,2),(108,54,18,'01:00:00','07:15:00','2023-04-06',0,'2023-04-07','01:24:52',6),(109,55,19,'12:30:00','18:45:00','2023-10-26',1,'2023-10-27',NULL,13),(110,55,20,'02:15:00','08:30:00','2023-04-21',1,'2023-04-22',NULL,5),(111,56,21,'13:15:00','19:30:00','2023-01-23',0,'2023-01-24',NULL,13),(112,56,22,'03:30:00','09:45:00','2023-05-26',0,'2023-05-27','00:54:20',9),(113,57,23,'14:00:00','20:15:00','2023-10-23',1,'2023-10-24',NULL,6),(114,57,24,'04:45:00','11:00:00','2023-11-09',1,'2023-11-10','01:03:47',4),(115,58,25,'14:45:00','21:00:00','2023-11-05',1,'2023-11-06','01:37:02',3),(116,58,26,'05:15:00','11:30:00','2023-08-29',0,'2023-08-30','01:40:20',5),(117,59,27,'15:30:00','21:45:00','2023-10-05',1,'2023-10-06','00:52:14',1),(118,59,28,'06:00:00','12:15:00','2023-10-28',0,'2023-10-29',NULL,3),(119,60,29,'16:15:00','22:30:00','2023-11-02',1,'2023-11-03',NULL,13),(120,60,30,'06:45:00','13:00:00','2023-09-20',1,'2023-09-21',NULL,3),(121,61,31,'21:30:00','03:45:00','2023-01-30',1,'2023-01-31','01:46:00',3),(122,61,32,'06:00:00','12:15:00','2023-04-01',0,'2023-04-02',NULL,7),(123,62,33,'22:15:00','04:30:00','2023-12-31',0,'2024-01-01',NULL,11),(124,62,34,'07:15:00','13:30:00','2023-04-01',1,'2023-04-02',NULL,7),(125,63,35,'23:00:00','05:15:00','2023-04-02',1,'2023-04-03',NULL,1),(126,63,36,'08:30:00','14:45:00','2023-07-02',1,'2023-07-03','01:05:21',2),(127,64,37,'23:45:00','06:00:00','2023-09-30',0,'2023-10-01',NULL,4),(128,64,38,'09:45:00','16:00:00','2023-03-30',0,'2023-03-31','00:36:11',1),(129,65,39,'00:30:00','06:45:00','2023-12-19',1,'2023-12-20','01:41:58',10),(130,65,40,'10:15:00','16:30:00','2023-02-07',0,'2023-02-08',NULL,2),(131,66,41,'01:15:00','07:30:00','2023-08-15',1,'2023-08-16',NULL,12),(132,66,42,'11:00:00','17:15:00','2023-10-16',0,'2023-10-17',NULL,11),(133,67,43,'02:00:00','08:15:00','2023-02-04',1,'2023-02-05',NULL,4),(134,67,44,'12:15:00','18:30:00','2023-02-06',1,'2023-02-07','01:26:07',1),(135,68,45,'02:45:00','09:00:00','2023-03-20',1,'2023-03-21','01:06:37',10),(136,68,46,'13:30:00','19:45:00','2023-10-09',0,'2023-10-10','01:50:40',4),(137,69,47,'03:30:00','09:45:00','2023-03-20',0,'2023-03-21',NULL,4),(138,69,48,'14:45:00','21:00:00','2023-10-06',1,'2023-10-07','01:54:21',9),(139,70,49,'04:15:00','10:30:00','2023-03-02',1,'2023-03-03',NULL,7),(140,70,50,'15:30:00','21:45:00','2023-07-18',0,'2023-07-19','01:44:47',9),(141,71,1,'05:00:00','11:15:00','2023-03-21',1,'2023-03-22','01:52:16',10),(142,71,2,'16:15:00','22:30:00','2023-06-17',1,'2023-06-18',NULL,10),(143,72,3,'06:45:00','12:00:00','2023-08-25',1,'2023-08-26',NULL,7),(144,72,4,'17:00:00','23:15:00','2023-11-08',0,'2023-11-09',NULL,6),(145,73,5,'07:30:00','13:45:00','2023-05-01',0,'2023-05-02','00:17:30',10),(146,73,6,'18:45:00','01:00:00','2023-02-02',1,'2023-02-03','01:33:32',2),(147,74,7,'08:15:00','14:30:00','2023-06-15',1,'2023-06-16',NULL,9),(148,74,8,'19:30:00','02:45:00','2023-01-01',1,'2023-01-02','00:25:14',10),(149,75,9,'09:00:00','15:15:00','2023-08-23',0,'2023-08-24','01:08:40',10),(150,75,10,'20:15:00','03:30:00','2023-03-17',0,'2023-03-18',NULL,8);
/*!40000 ALTER TABLE `schedule` ENABLE KEYS */;
UNLOCK TABLES;

--
-- Table structure for table `staff`
--

DROP TABLE IF EXISTS `staff`;
/*!40101 SET @saved_cs_client     = @@character_set_client */;
/*!50503 SET character_set_client = utf8mb4 */;
CREATE TABLE `staff` (
  `StaffID` int NOT NULL,
  `Name` varchar(255) DEFAULT NULL,
  `ContactInfo` varchar(20) DEFAULT NULL,
  `Role` varchar(50) DEFAULT NULL,
  `JoiningDate` date DEFAULT NULL,
  PRIMARY KEY (`StaffID`)
) ENGINE=InnoDB DEFAULT CHARSET=utf8mb4 COLLATE=utf8mb4_0900_ai_ci;
/*!40101 SET character_set_client = @saved_cs_client */;

--
-- Dumping data for table `staff`
--

LOCK TABLES `staff` WRITE;
/*!40000 ALTER TABLE `staff` DISABLE KEYS */;
INSERT INTO `staff` VALUES (1,'Ella Johnson','3210987654','Ticketing Agent','2023-06-09'),(2,'Jackson Davis','2109876543','Engineering','2023-06-10'),(3,'Scarlett Clark','1098765432','Manager (Guard)','2023-06-11'),(4,'Leo Lewis','0987654321','Station','2023-06-12'),(5,'Aria Brown','9876543210','Senior Station Superintendent','2023-06-13'),(6,'Liam Moore','8765432109','Senior Station Master','2023-06-14'),(7,'Grace Wilson','7654321098','Deputy Station Superintendent','2023-06-15'),(8,'Henry Davis','6543210987','Selected Station Master','2023-06-16'),(9,'Zoe Clark','5432109876','Signalman','2023-06-17'),(10,'Mason Lee','4321098765','Road foreman of engines','2023-06-18'),(11,'Luna Moore','3210987654','Station','2023-06-19'),(12,'Ethan Wilson','2109876543','Freight Conductor','2023-06-20'),(13,'Ava Brown','1098765432','Signalman','2023-06-21'),(14,'Oliver Clark','0987654321','Operations','2023-06-22'),(15,'Sophie Lee','9876543210','Engineering','2023-06-23'),(16,'Jackson Davis','8765432109','Management','2023-06-24'),(17,'Ella Wilson','7654321098','Deputy Station Master','2023-06-25'),(18,'Leo Moore','6543210987','Road foreman of engines','2023-06-26'),(19,'Aria Brown','5432109876','Senior Station Master','2023-06-27'),(20,'Liam Clark','4321098765','Engineering','2023-06-28'),(21,'Zoe Lee','3210987654','Station','2023-06-29'),(22,'Mason Davis','2109876543','Dispatcher','2023-06-30'),(23,'Luna Wilson','1098765432','Deputy Station Superintendent','2023-07-01'),(24,'Ethan Brown','0987654321','Revenue Protection Inspector','2023-07-02'),(25,'Ava Clark','9876543210','Engineering','2023-07-03'),(26,'Oliver Lee','8765432109','Station agent','2023-07-04'),(27,'Sophie Davis','7654321098','Dispatcher','2023-07-05'),(28,'Jackson Moore','6543210987','Senior Station Superintendent','2023-07-06'),(29,'Ella Clark','5432109876','Ticket controller','2023-07-07'),(30,'Leo Brown','4321098765','Engineering','2023-07-08'),(31,'Aria Lee','3210987654','Train dispatcher','2023-07-09'),(32,'Liam Wilson','2109876543','Station','2023-07-10'),(33,'Zoe Davis','1098765432','Manager (Guard)','2023-07-11'),(34,'Mason Clark','0987654321','Operations','2023-07-12'),(35,'Luna Lee','9876543210','Engineering','2023-07-13'),(36,'Ethan Brown','8765432109','Station','2023-07-14'),(37,'Ava Wilson','7654321098','Deputy Station Master','2023-07-15'),(38,'Oliver Moore','6543210987','Revenue Protection Inspector','2023-07-16'),(39,'Sophie Clark','5432109876','Senior Station Superintendent','2023-07-17'),(40,'Jackson Lee','4321098765','Engineering','2023-07-18'),(41,'Ella Davis','3210987654','Train dispatcher','2023-07-19'),(42,'Leo Wilson','2109876543','Station','2023-07-20'),(43,'Aria Brown','1098765432','Station agent','2023-07-21'),(44,'Liam Clark','0987654321','Management','2023-07-22'),(45,'Zoe Lee','9876543210','Senior Station Master','2023-07-23'),(46,'Mason Davis','8765432109','Engineering','2023-07-24'),(47,'Luna Moore','7654321098','Road foreman of engines','2023-07-25'),(48,'Ethan Wilson','6543210987','Station','2023-07-26'),(49,'Ava Clark','5432109876','Senior Station Superintendent','2023-07-27'),(50,'Oliver Brown','4321098765','Engineering','2023-07-28'),(51,'Zoe Clark','3210987654','Station','2023-07-29'),(52,'Mason Lee','2109876543','Dispatcher','2023-07-30'),(53,'Luna Wilson','1098765432','Deputy Station Superintendent','2023-07-31'),(54,'Ethan Brown','0987654321','Revenue Protection Inspector','2023-08-01'),(55,'Ava Clark','9876543210','Engineering','2023-08-02'),(56,'Oliver Lee','8765432109','Station agent','2023-08-03'),(57,'Sophie Davis','7654321098','Dispatcher','2023-08-04'),(58,'Jackson Moore','6543210987','Senior Station Superintendent','2023-08-05'),(59,'Ella Clark','5432109876','Ticket controller','2023-08-06'),(60,'Leo Brown','4321098765','Engineering','2023-08-07'),(61,'Aria Lee','3210987654','Train dispatcher','2023-08-08'),(62,'Liam Wilson','2109876543','Station','2023-08-09'),(63,'Zoe Davis','1098765432','Manager (Guard)','2023-08-10'),(64,'Mason Clark','0987654321','Operations','2023-08-11'),(65,'Luna Lee','9876543210','Engineering','2023-08-12'),(66,'Ethan Brown','8765432109','Station','2023-08-13'),(67,'Ava Wilson','7654321098','Deputy Station Master','2023-08-14'),(68,'Oliver Moore','6543210987','Revenue Protection Inspector','2023-08-15'),(69,'Sophie Clark','5432109876','Senior Station Superintendent','2023-08-16'),(70,'Jackson Lee','4321098765','Engineering','2023-08-17'),(71,'Ella Davis','3210987654','Train dispatcher','2023-08-18'),(72,'Leo Wilson','2109876543','Station','2023-08-19'),(73,'Aria Brown','1098765432','Station agent','2023-08-20'),(74,'Liam Clark','0987654321','Management','2023-08-21'),(75,'Zoe Lee','9876543210','Senior Station Master','2023-08-22'),(76,'Mason Davis','8765432109','Engineering','2023-08-23'),(77,'Luna Moore','7654321098','Road foreman of engines','2023-08-24'),(78,'Ethan Wilson','6543210987','Station','2023-08-25'),(79,'Ava Clark','5432109876','Senior Station Superintendent','2023-08-26'),(80,'Oliver Brown','4321098765','Engineering','2023-08-27'),(81,'Sophie Lee','3210987654','Ticket controller','2023-08-28'),(82,'Jackson Davis','2109876543','Engineering','2023-08-29'),(83,'Ella Wilson','1098765432','Road foreman of engines','2023-08-30'),(84,'Leo Moore','0987654321','Station','2023-08-31'),(85,'Aria Brown','9876543210','Operations','2023-09-01'),(86,'Liam Clark','8765432109','Engineering','2023-09-02'),(87,'Zoe Lee','7654321098','Dispatcher','2023-09-03'),(88,'Mason Davis','6543210987','Senior Station Superintendent','2023-09-04'),(89,'Luna Wilson','5432109876','Senior Station Master','2023-09-05'),(90,'Ethan Brown','4321098765','Engineering','2023-09-06'),(91,'Ava Clark','3210987654','Manager (Guard)','2023-09-07'),(92,'Oliver Lee','2109876543','Dispatcher','2023-09-08'),(93,'Sophie Davis','1098765432','Senior Station Superintendent','2023-09-09'),(94,'Jackson Moore','0987654321','Engineering','2023-09-10'),(95,'Ella Clark','9876543210','Road foreman of engines','2023-09-11'),(96,'Leo Brown','8765432109','Station','2023-09-12'),(97,'Aria Lee','7654321098','Senior Station Master','2023-09-13'),(98,'Liam Wilson','6543210987','Engineering','2023-09-14'),(99,'Zoe Davis','5432109876','Train dispatcher','2023-09-15'),(100,'Mason Clark','4321098765','Station','2023-09-16'),(101,'Luna Moore','3210987654','Senior Station Superintendent','2023-09-17'),(102,'Ethan Wilson','2109876543','Engineering','2023-09-18'),(103,'Ava Clark','1098765432','Manager (Guard)','2023-09-19'),(104,'Oliver Brown','0987654321','Operations','2023-09-20'),(105,'Sophie Lee','9876543210','Engineering','2023-09-21'),(106,'Jackson Davis','8765432109','Dispatcher','2023-09-22'),(107,'Ella Wilson','7654321098','Senior Station Superintendent','2023-09-23'),(108,'Leo Moore','6543210987','Senior Station Master','2023-09-24'),(109,'Aria Brown','5432109876','Engineering','2023-09-25'),(110,'Liam Clark','4321098765','Road foreman of engines','2023-09-26'),(111,'Zoe Lee','3210987654','Station','2023-09-27'),(112,'Mason Davis','2109876543','Dispatcher','2023-09-28'),(113,'Luna Wilson','1098765432','Deputy Station Superintendent','2023-09-29'),(114,'Ethan Brown','0987654321','Revenue Protection Inspector','2023-09-30'),(115,'Ava Clark','9876543210','Engineering','2023-10-01'),(116,'Oliver Lee','8765432109','Station agent','2023-10-02'),(117,'Sophie Davis','7654321098','Dispatcher','2023-10-03'),(118,'Jackson Moore','6543210987','Senior Station Superintendent','2023-10-04'),(119,'Ella Clark','5432109876','Ticket controller','2023-10-05'),(120,'Leo Brown','4321098765','Engineering','2023-10-06'),(121,'Aria Lee','3210987654','Train dispatcher','2023-10-07'),(122,'Liam Wilson','2109876543','Station','2023-10-08'),(123,'Zoe Davis','1098765432','Manager (Guard)','2023-10-09'),(124,'Mason Clark','0987654321','Operations','2023-10-10'),(125,'Luna Lee','9876543210','Engineering','2023-10-11'),(126,'Ethan Brown','8765432109','Station','2023-10-12'),(127,'Ava Wilson','7654321098','Deputy Station Master','2023-10-13'),(128,'Oliver Moore','6543210987','Revenue Protection Inspector','2023-10-14'),(129,'Sophie Clark','5432109876','Senior Station Superintendent','2023-10-15'),(130,'Jackson Lee','4321098765','Engineering','2023-10-16'),(131,'Ella Davis','3210987654','Train dispatcher','2023-10-17'),(132,'Leo Wilson','2109876543','Station','2023-10-18'),(133,'Aria Brown','1098765432','Station agent','2023-10-19'),(134,'Liam Clark','0987654321','Management','2023-10-20'),(135,'Zoe Lee','9876543210','Senior Station Master','2023-10-21'),(136,'Mason Davis','8765432109','Engineering','2023-10-22'),(137,'Luna Moore','7654321098','Road foreman of engines','2023-10-23'),(138,'Ethan Wilson','6543210987','Station','2023-10-24'),(139,'Ava Clark','5432109876','Senior Station Superintendent','2023-10-25'),(140,'Oliver Brown','4321098765','Engineering','2023-10-26'),(141,'Sophie Lee','3210987654','Ticket controller','2023-10-27'),(142,'Jackson Davis','2109876543','Engineering','2023-10-28'),(143,'Ella Wilson','1098765432','Road foreman of engines','2023-10-29'),(144,'Leo Moore','0987654321','Station','2023-10-30'),(145,'Aria Brown','9876543210','Operations','2023-10-31'),(146,'Liam Clark','8765432109','Engineering','2023-11-01'),(147,'Zoe Lee','7654321098','Dispatcher','2023-11-02'),(148,'Mason Davis','6543210987','Senior Station Superintendent','2023-11-03'),(149,'Luna Wilson','5432109876','Senior Station Master','2023-11-04'),(150,'Ethan Brown','4321098765','Engineering','2023-11-05');
/*!40000 ALTER TABLE `staff` ENABLE KEYS */;
UNLOCK TABLES;

--
-- Table structure for table `station`
--

DROP TABLE IF EXISTS `station`;
/*!40101 SET @saved_cs_client     = @@character_set_client */;
/*!50503 SET character_set_client = utf8mb4 */;
CREATE TABLE `station` (
  `StationID` int NOT NULL,
  `Name` varchar(255) DEFAULT NULL,
  `city` varchar(60) DEFAULT NULL,
  PRIMARY KEY (`StationID`)
) ENGINE=InnoDB DEFAULT CHARSET=utf8mb4 COLLATE=utf8mb4_0900_ai_ci;
/*!40101 SET character_set_client = @saved_cs_client */;

--
-- Dumping data for table `station`
--

LOCK TABLES `station` WRITE;
/*!40000 ALTER TABLE `station` DISABLE KEYS */;
INSERT INTO `station` VALUES (1,'Goa Central','Goa'),(2,'Mumbai Central','Mumbai'),(3,'Ajmer Junction','Ajmer'),(4,'Lonavala Junction','Lonavala'),(5,'Chennai Central','Chennai'),(6,'Bengaluru City','Bengaluru'),(7,'Delhi Junction','Delhi'),(8,'Pune Junction','Pune'),(9,'Hyderabad Central','Hyderabad'),(10,'Kolkata Junction','Kolkata'),(11,'Jaipur Junction','Jaipur'),(12,'Ahmedabad Junction','Ahmedabad'),(13,'Lucknow Junction','Lucknow'),(14,'Varanasi Junction','Varanasi'),(15,'Coimbatore Junction','Coimbatore'),(16,'Trichy Junction','Trichy'),(17,'Patna Junction','Patna'),(18,'Gaya Junction','Gaya'),(19,'Indore Junction','Indore'),(20,'Bhopal Junction','Bhopal'),(21,'Kochi Junction','Kochi'),(22,'Thiruvananthapuram Central','Thiruvananthapuram'),(23,'Mysuru Junction','Mysuru'),(24,'Hubballi Junction','Hubballi'),(25,'Visakhapatnam Junction','Visakhapatnam'),(26,'Vijayawada Junction','Vijayawada'),(27,'Surat Junction','Surat'),(28,'Vadodara Junction','Vadodara'),(29,'Amritsar Junction','Amritsar'),(30,'Chandigarh Junction','Chandigarh'),(31,'Ranchi Junction','Ranchi'),(32,'Jamshedpur Junction','Jamshedpur'),(33,'Nagpur Junction','Nagpur'),(34,'Aurangabad Junction','Aurangabad'),(35,'Jodhpur Junction','Jodhpur'),(36,'Udaipur Junction','Udaipur'),(37,'Guwahati Junction','Guwahati'),(38,'Shillong Junction','Shillong'),(39,'Nashik Junction','Nashik'),(40,'Bhubaneswar Junction','Bhubaneswar'),(41,'Cuttack Junction','Cuttack'),(42,'Tirupati Junction','Tirupati'),(43,'Vellore Junction','Vellore'),(44,'Raipur Junction','Raipur'),(45,'Bilaspur Junction','Bilaspur'),(46,'Jammu Junction','Jammu'),(47,'Srinagar Junction','Srinagar'),(48,'Dhanbad Junction','Dhanbad'),(49,'Asansol Junction','Asansol'),(50,'Kanpur Junction','Kanpur'),(51,'Allahabad Junction','Allahabad'),(52,'Madurai Junction','Madurai'),(53,'Tirunelveli Junction','Tirunelveli'),(54,'Gwalior Junction','Gwalior'),(55,'Jhansi Junction','Jhansi'),(56,'Agra Junction','Agra'),(57,'Mathura Junction','Mathura'),(58,'Thane Junction','Thane'),(59,'Navi Mumbai Junction','Navi Mumbai'),(60,'Kolkata Howrah Junction','Kolkata');
/*!40000 ALTER TABLE `station` ENABLE KEYS */;
UNLOCK TABLES;

--
-- Table structure for table `ticket`
--

DROP TABLE IF EXISTS `ticket`;
/*!40101 SET @saved_cs_client     = @@character_set_client */;
/*!50503 SET character_set_client = utf8mb4 */;
CREATE TABLE `ticket` (
  `TicketID` int NOT NULL,
  `PassengerID` int DEFAULT NULL,
  `ScheduleID` int DEFAULT NULL,
  `SeatNumber` int DEFAULT NULL,
  `BookingStatus` varchar(20) DEFAULT NULL,
  `TotalAmount` decimal(10,2) DEFAULT NULL,
  `BookingDate` date DEFAULT NULL,
  `AgentID` int DEFAULT NULL,
  PRIMARY KEY (`TicketID`),
  KEY `PassengerID` (`PassengerID`),
  KEY `ScheduleID` (`ScheduleID`),
  KEY `fk_ticket_agent` (`AgentID`),
  CONSTRAINT `fk_ticket_agent` FOREIGN KEY (`AgentID`) REFERENCES `travelagent` (`AgentID`),
  CONSTRAINT `ticket_ibfk_1` FOREIGN KEY (`PassengerID`) REFERENCES `passenger` (`PassengerID`),
  CONSTRAINT `ticket_ibfk_2` FOREIGN KEY (`ScheduleID`) REFERENCES `schedule` (`ScheduleID`)
) ENGINE=InnoDB DEFAULT CHARSET=utf8mb4 COLLATE=utf8mb4_0900_ai_ci;
/*!40101 SET character_set_client = @saved_cs_client */;

--
-- Dumping data for table `ticket`
--

LOCK TABLES `ticket` WRITE;
/*!40000 ALTER TABLE `ticket` DISABLE KEYS */;
INSERT INTO `ticket` VALUES (1,13,1,1,'Confirmed',1200.00,'2023-09-05',8),(2,216,2,3,'Confirmed',950.00,'2023-01-02',8),(3,344,3,2,'Confirmed',800.00,'2023-01-03',NULL),(4,109,4,5,'Confirmed',1100.00,'2023-01-04',NULL),(5,39,5,4,'Confirmed',1300.00,'2023-10-15',NULL),(6,120,6,1,'Confirmed',1000.00,'2023-01-06',9),(7,317,7,6,'Confirmed',900.00,'2023-09-05',NULL),(8,182,8,8,'Confirmed',1150.00,'2023-01-08',1),(9,6,9,3,'Confirmed',950.00,'2023-01-09',NULL),(10,236,10,7,'Confirmed',1200.00,'2023-10-15',NULL),(11,123,11,4,'Confirmed',850.00,'2023-01-11',6),(12,80,12,2,'Confirmed',1000.00,'2023-01-12',NULL),(13,362,13,7,'Confirmed',1100.00,'2023-01-13',NULL),(14,332,14,8,'Confirmed',950.00,'2023-09-14',10),(15,347,15,3,'Not Confirmed',1200.00,'2023-10-15',NULL),(16,193,16,6,'Confirmed',800.00,'2023-01-16',NULL),(17,26,17,1,'Confirmed',1300.00,'2023-01-17',6),(18,278,18,5,'Confirmed',1000.00,'2023-01-18',NULL),(19,67,19,4,'Confirmed',900.00,'2023-01-19',1),(20,306,20,2,'Confirmed',1150.00,'2023-10-15',NULL),(21,291,21,6,'Not Confirmed',950.00,'2023-01-21',NULL),(22,21,22,1,'Confirmed',1200.00,'2023-01-22',3),(23,94,23,4,'Confirmed',1100.00,'2023-01-23',9),(24,266,24,2,'Confirmed',800.00,'2023-01-24',NULL),(25,361,25,7,'Confirmed',1000.00,'2023-09-20',10),(26,1,26,5,'Confirmed',1300.00,'2023-01-26',NULL),(27,206,27,8,'Confirmed',950.00,'2023-01-27',NULL),(28,185,28,3,'Confirmed',1150.00,'2023-01-28',NULL),(29,285,29,1,'Not Confirmed',1200.00,'2023-01-29',5),(30,50,30,6,'Not Confirmed',900.00,'2023-11-20',NULL),(31,284,31,3,'Confirmed',1000.00,'2023-09-05',NULL),(32,29,32,6,'Confirmed',1150.00,'2023-02-01',NULL),(33,300,33,1,'Confirmed',950.00,'2023-02-02',NULL),(34,312,34,4,'Confirmed',1200.00,'2023-02-03',NULL),(35,232,35,7,'Confirmed',900.00,'2023-11-20',NULL),(36,249,36,2,'Not Confirmed',1000.00,'2023-02-05',5),(37,84,37,1,'Not Confirmed',1200.00,'2023-02-06',6),(38,52,38,6,'Confirmed',850.00,'2023-02-07',5),(39,289,39,4,'Confirmed',1100.00,'2023-02-08',4),(40,310,40,3,'Confirmed',950.00,'2023-11-20',6),(41,157,41,8,'Confirmed',800.00,'2023-02-10',8),(42,74,42,5,'Confirmed',1300.00,'2023-02-11',1),(43,44,43,7,'Confirmed',1000.00,'2023-09-05',10),(44,366,44,6,'Confirmed',1150.00,'2023-02-13',8),(45,137,45,4,'Confirmed',950.00,'2023-11-20',7),(46,271,46,3,'Confirmed',1200.00,'2023-02-15',2),(47,292,47,1,'Confirmed',1100.00,'2023-02-16',8),(48,127,48,7,'Confirmed',800.00,'2023-02-17',5),(49,150,49,2,'Confirmed',1000.00,'2023-02-18',9),(50,281,50,4,'Confirmed',900.00,'2023-09-05',1),(51,209,51,6,'Confirmed',1150.00,'2023-09-05',7),(52,63,52,1,'Confirmed',1200.00,'2023-02-21',3),(53,172,53,6,'Confirmed',850.00,'2023-02-22',1),(54,22,54,3,'Confirmed',1100.00,'2023-02-23',5),(55,84,55,8,'Confirmed',950.00,'2023-09-05',4),(56,213,56,4,'Confirmed',1200.00,'2023-02-25',5),(57,118,57,7,'Confirmed',1000.00,'2023-02-26',3),(58,200,58,6,'Confirmed',1150.00,'2023-02-27',7),(59,155,59,4,'Confirmed',950.00,'2023-02-28',5),(60,285,60,3,'Not Confirmed',1200.00,'2023-09-05',3),(61,328,61,1,'Confirmed',1100.00,'2023-09-05',10),(62,3,62,7,'Confirmed',800.00,'2023-03-03',9),(63,125,63,2,'Confirmed',1000.00,'2023-03-04',6),(64,82,64,4,'Not Confirmed',900.00,'2023-03-05',4),(65,103,65,5,'Confirmed',1150.00,'2023-09-05',2),(66,178,66,1,'Confirmed',1200.00,'2023-03-07',7),(67,378,67,6,'Confirmed',850.00,'2023-03-08',7),(68,25,68,3,'Confirmed',1100.00,'2023-03-09',4),(69,36,69,8,'Confirmed',950.00,'2023-09-10',10),(70,216,70,4,'Confirmed',1200.00,'2023-09-05',8),(71,302,71,7,'Confirmed',1000.00,'2023-09-05',10),(72,305,72,6,'Confirmed',1150.00,'2023-03-13',5),(73,235,73,4,'Confirmed',950.00,'2023-09-05',3),(74,55,74,3,'Confirmed',1200.00,'2023-03-15',2),(75,9,75,1,'Confirmed',1100.00,'2023-03-16',9),(76,49,76,7,'Confirmed',800.00,'2023-03-17',8),(77,135,77,2,'Confirmed',1000.00,'2023-03-18',3),(78,390,78,4,'Confirmed',900.00,'2023-09-19',10),(79,277,79,5,'Confirmed',1150.00,'2023-09-20',10),(80,389,80,1,'Confirmed',1200.00,'2023-09-21',10),(81,317,81,6,'Confirmed',850.00,'2023-03-22',2),(82,108,82,3,'Confirmed',1100.00,'2023-03-23',7),(83,333,83,8,'Confirmed',950.00,'2023-03-24',7),(84,387,84,7,'Confirmed',1000.00,'2023-03-25',5),(85,269,85,6,'Confirmed',1150.00,'2023-03-26',3),(86,201,86,4,'Confirmed',950.00,'2023-03-27',9),(87,323,87,3,'Confirmed',1200.00,'2023-09-05',7),(88,184,88,1,'Confirmed',1100.00,'2023-03-29',8),(89,225,89,7,'Confirmed',800.00,'2023-03-30',6),(90,394,90,2,'Not Confirmed',1000.00,'2023-03-31',6),(91,400,91,4,'Confirmed',900.00,'2023-09-01',10),(92,288,92,5,'Not Confirmed',1150.00,'2023-04-02',4),(93,181,93,1,'Confirmed',1200.00,'2023-09-05',1),(94,86,94,6,'Confirmed',850.00,'2023-09-04',10),(95,271,95,3,'Confirmed',1100.00,'2023-04-05',6),(96,89,96,8,'Confirmed',950.00,'2023-09-06',10),(97,251,97,4,'Confirmed',1200.00,'2023-09-05',1),(98,70,98,7,'Confirmed',1000.00,'2023-04-08',5),(99,324,99,6,'Confirmed',1150.00,'2023-04-09',2),(100,396,100,4,'Confirmed',950.00,'2023-04-10',5),(101,101,101,3,'Confirmed',1200.00,'2023-04-11',9),(102,5,102,1,'Confirmed',1100.00,'2023-04-12',9),(103,314,103,7,'Confirmed',800.00,'2023-04-13',8),(104,189,104,2,'Confirmed',1000.00,'2023-09-05',2),(105,65,105,4,'Confirmed',900.00,'2023-09-05',6),(106,228,106,5,'Confirmed',1150.00,'2023-04-16',2),(107,185,107,1,'Confirmed',1200.00,'2023-04-17',1),(108,296,108,6,'Confirmed',850.00,'2023-04-18',1),(109,82,109,3,'Not Confirmed',1100.00,'2023-04-19',9),(110,146,110,8,'Confirmed',950.00,'2023-09-20',10),(111,149,111,4,'Confirmed',1200.00,'2023-04-21',6),(112,67,112,7,'Not Confirmed',1000.00,'2023-04-22',9),(113,392,113,6,'Not Confirmed',1150.00,'2023-04-23',4),(114,107,114,4,'Not Confirmed',950.00,'2023-04-24',6),(115,353,115,3,'Confirmed',1200.00,'2023-04-25',6),(116,43,116,1,'Confirmed',1100.00,'2023-04-26',1),(117,103,117,7,'Confirmed',800.00,'2023-04-27',8),(118,351,118,2,'Confirmed',1000.00,'2023-04-28',6),(119,59,119,4,'Confirmed',900.00,'2023-04-29',3),(120,261,120,5,'Confirmed',1150.00,'2023-09-05',10),(121,372,121,1,'Confirmed',1200.00,'2023-09-01',10),(122,362,122,6,'Confirmed',850.00,'2023-09-02',10),(123,398,123,3,'Confirmed',1100.00,'2023-09-05',9),(124,325,124,8,'Confirmed',950.00,'2023-05-04',3),(125,85,125,4,'Confirmed',1200.00,'2023-09-05',10);
/*!40000 ALTER TABLE `ticket` ENABLE KEYS */;
UNLOCK TABLES;

--
-- Table structure for table `train`
--

DROP TABLE IF EXISTS `train`;
/*!40101 SET @saved_cs_client     = @@character_set_client */;
/*!50503 SET character_set_client = utf8mb4 */;
CREATE TABLE `train` (
  `TrainID` int NOT NULL,
  `Name` varchar(255) DEFAULT NULL,
  `Type` varchar(50) DEFAULT NULL,
  `Mileage` int DEFAULT NULL,
  `RouteID` int DEFAULT NULL,
  `DriverID` int DEFAULT NULL,
  PRIMARY KEY (`TrainID`),
  KEY `fk_train_route` (`RouteID`),
  KEY `fk_train_driver` (`DriverID`),
  CONSTRAINT `fk_train_driver` FOREIGN KEY (`DriverID`) REFERENCES `driver` (`DriverID`),
  CONSTRAINT `fk_train_route` FOREIGN KEY (`RouteID`) REFERENCES `route` (`RouteID`)
) ENGINE=InnoDB DEFAULT CHARSET=utf8mb4 COLLATE=utf8mb4_0900_ai_ci;
/*!40101 SET character_set_client = @saved_cs_client */;

--
-- Dumping data for table `train`
--

LOCK TABLES `train` WRITE;
/*!40000 ALTER TABLE `train` DISABLE KEYS */;
INSERT INTO `train` VALUES (1,'Rajdhani Express','High-Speed',6000,49,137),(2,'Shatabdi Express','Automated',5500,30,150),(3,'Duronto Express','High-Speed',7000,1,113),(4,'Gatimaan Express','High-Speed',6200,14,10),(5,'Humsafar Express','Automated',4800,18,68),(6,'Tejas Express','High-Speed',5500,48,82),(7,'Sampark Kranti Express','Automated',5800,37,98),(8,'Garib Rath Express','High-Speed',6600,38,90),(9,'Jan Shatabdi Express','Automated',5100,29,98),(10,'Vivek Express','High-Speed',5900,33,138),(11,'Mahamana Express','Automated',5300,24,82),(12,'Antyodaya Express','High-Speed',6700,21,15),(13,'Vande Bharat Express','Automated',5000,33,47),(14,'Uday Express','High-Speed',6400,1,16),(15,'Pragati Express','High-Speed',6600,6,132),(16,'Jansadharan Express','Automated',4900,27,113),(17,'Suvidha Express','High-Speed',6100,16,104),(18,'Yuva Express','Automated',5400,47,134),(19,'AC Express','High-Speed',6300,39,68),(20,'Superfast Express','High-Speed',6500,4,126),(21,'Express','Automated',5900,50,69),(22,'Passenger','High-Speed',6800,38,54),(23,'Intercity Express','Automated',5200,40,76),(24,'Mail','High-Speed',6700,35,103),(25,'MGR Express','Automated',5000,6,9),(26,'Mangala Lakshadweep Express','High-Speed',7100,23,42),(27,'Navjeevan Express','Automated',5600,47,12),(28,'Mahanama Express','High-Speed',6300,16,135),(29,'Swatantrata Senani Express','Automated',5400,37,137),(30,'Dibrugarh Rajdhani Express','High-Speed',6900,39,114),(31,'Nanda Devi Express','Automated',5300,33,78),(32,'Madhupur Howrah Express','High-Speed',6500,45,16),(33,'Deekshabhoomi Express','Automated',5500,27,124),(34,'Grand Trunk Express','High-Speed',6800,50,78),(35,'Vaishali Express','Automated',5100,18,44),(36,'Swarna Jayanti Express','High-Speed',6400,41,12),(37,'Kerala Express','Automated',5700,2,81),(38,'Goa Express','High-Speed',7000,33,99),(39,'Pushpak Express','Automated',5800,11,90),(40,'Indrayani Express','High-Speed',6600,4,17),(41,'Karnataka Express','Automated',5600,36,96),(42,'Tamil Nadu Express','High-Speed',7000,16,66),(43,'Kashi Vishwanath Express','Automated',5700,23,93),(44,'Ganga Kaveri Express','High-Speed',6900,17,139),(45,'Netravati Express','Automated',5400,13,62),(46,'Kumbha Express','High-Speed',6800,15,50),(47,'Golden Temple Mail','Automated',5200,36,119),(48,'Sapt Kranti Express','High-Speed',6700,33,112),(49,'Pawan Express','Automated',5500,7,33),(50,'Himalayan Queen','High-Speed',6600,34,45),(51,'Rajdhani Express','Automated',5300,2,44),(52,'Shatabdi Express','High-Speed',6500,4,113),(53,'Duronto Express','Automated',5800,14,21),(54,'Gatimaan Express','High-Speed',7000,10,99),(55,'Humsafar Express','Automated',5900,4,31),(56,'Tejas Express','High-Speed',7100,42,99),(57,'Sampark Kranti Express','Automated',5400,45,103),(58,'Garib Rath Express','High-Speed',6700,50,78),(59,'Jan Shatabdi Express','Automated',5500,16,103),(60,'Vivek Express','High-Speed',6900,26,119),(61,'Mahamana Express','Automated',5900,35,32),(62,'Antyodaya Express','High-Speed',6800,44,99),(63,'Vande Bharat Express','Automated',5200,17,60),(64,'Uday Express','High-Speed',6700,1,37),(65,'Pragati Express','Automated',5000,2,126),(66,'Jansadharan Express','High-Speed',7100,8,15),(67,'Suvidha Express','Automated',5600,31,7),(68,'Yuva Express','High-Speed',6300,34,136),(69,'AC Express','Automated',5400,24,10),(70,'Superfast Express','High-Speed',6900,18,61),(71,'Express','Automated',5300,16,119),(72,'Passenger','High-Speed',6500,26,18),(73,'Intercity Express','Automated',5500,30,108),(74,'Mail','High-Speed',6800,23,67),(75,'MGR Express','Automated',5100,26,2),(76,'Mangala Lakshadweep Express','High-Speed',6400,9,115),(77,'Navjeevan Express','Automated',5700,17,135),(78,'Mahanama Express','High-Speed',7000,7,95),(79,'Swatantrata Senani Express','Automated',5800,33,83),(80,'Dibrugarh Rajdhani Express','High-Speed',6600,44,142),(81,'Nanda Devi Express','Automated',5600,18,138),(82,'Madhupur Howrah Express','High-Speed',7000,11,76),(83,'Deekshabhoomi Express','Automated',5700,49,137),(84,'Grand Trunk Express','High-Speed',6900,10,74),(85,'Vaishali Express','Automated',5400,4,44),(86,'Swarna Jayanti Express','High-Speed',6800,39,9),(87,'Kerala Express','Automated',5200,32,64),(88,'Goa Express','High-Speed',6700,43,13),(89,'Pushpak Express','Automated',5500,18,18),(90,'Indrayani Express','High-Speed',6600,13,82),(91,'Karnataka Express','Automated',5300,8,27),(92,'Tamil Nadu Express','High-Speed',6500,1,116),(93,'Kashi Vishwanath Express','Automated',5800,29,124),(94,'Ganga Kaveri Express','High-Speed',7000,43,39),(95,'Netravati Express','Automated',5900,27,25),(96,'Kumbha Express','High-Speed',7100,7,133),(97,'Golden Temple Mail','Automated',5400,1,140),(98,'Sapt Kranti Express','High-Speed',6700,37,52),(99,'Pawan Express','Automated',5500,28,45),(100,'Himalayan Queen','High-Speed',6900,29,82);
/*!40000 ALTER TABLE `train` ENABLE KEYS */;
UNLOCK TABLES;

--
-- Table structure for table `travelagent`
--

DROP TABLE IF EXISTS `travelagent`;
/*!40101 SET @saved_cs_client     = @@character_set_client */;
/*!50503 SET character_set_client = utf8mb4 */;
CREATE TABLE `travelagent` (
  `AgentID` int NOT NULL,
  `Name` varchar(255) DEFAULT NULL,
  `CommissionRate` decimal(5,2) DEFAULT NULL,
  PRIMARY KEY (`AgentID`)
) ENGINE=InnoDB DEFAULT CHARSET=utf8mb4 COLLATE=utf8mb4_0900_ai_ci;
/*!40101 SET character_set_client = @saved_cs_client */;

--
-- Dumping data for table `travelagent`
--

LOCK TABLES `travelagent` WRITE;
/*!40000 ALTER TABLE `travelagent` DISABLE KEYS */;
INSERT INTO `travelagent` VALUES (1,'ABC Travel Services',10.00),(2,'City Explorer Tours',10.00),(3,'Global Voyages',10.00),(4,'Express Destinations',10.00),(5,'Skyline Tours',10.00),(6,'Golden Gate Travel',10.00),(7,'Adventure Seekers',10.00),(8,'Metro Travels',10.00),(9,'Elite Journeys',10.00),(10,'Prestige Tours',10.00);
/*!40000 ALTER TABLE `travelagent` ENABLE KEYS */;
UNLOCK TABLES;
/*!40103 SET TIME_ZONE=@OLD_TIME_ZONE */;

/*!40101 SET SQL_MODE=@OLD_SQL_MODE */;
/*!40014 SET FOREIGN_KEY_CHECKS=@OLD_FOREIGN_KEY_CHECKS */;
/*!40014 SET UNIQUE_CHECKS=@OLD_UNIQUE_CHECKS */;
/*!40101 SET CHARACTER_SET_CLIENT=@OLD_CHARACTER_SET_CLIENT */;
/*!40101 SET CHARACTER_SET_RESULTS=@OLD_CHARACTER_SET_RESULTS */;
/*!40101 SET COLLATION_CONNECTION=@OLD_COLLATION_CONNECTION */;
/*!40111 SET SQL_NOTES=@OLD_SQL_NOTES */;

-- Dump completed on 2023-11-30 16:54:41
